dataset,index_type,k,metric,m,ef_construction,ef_search,nlist,nprobe,num_training_vectors,recall,precision,mean_latency_us,qps,memory_mb,total_time_sec,init_index_time_sec,load_time_sec,save_time_sec,training_time_sec,build_time_sec,add_time_sec,read_time_sec,test_time_sec
fashion_mnist,flat,1,L2,,,,,,,[1.0],[1.0],503.161,1987.4354331913642,377,5.8,5.1406e-05,0.0,0.085832656,0.0,0.205,0.12137172,0.034129442,5.438
fashion_mnist,flat,3,L2,,,,,,,"[1.0, 1.0, 1.0]","[1.0, 1.0, 1.0]",466.82820000000004,2142.1156648205915,382,5.188,7.344e-06,0.0,0.099736146,0.0,0.182,0.122153021,0.024980207,4.889
fashion_mnist,flat,5,L2,,,,,,,"[1.0, 1.0, 1.0, 1.0, 1.0]","[1.0, 1.0, 1.0, 1.0, 1.0]",458.914,2179.0575140440255,375,5.121,1.7448e-05,0.0,0.097922969,0.0,0.194,0.127365881,0.027284486,4.81
fashion_mnist,hnsw,1,L2,8.0,160.0,16.0,,,,[0.9627],[0.9996],23.5222,42513.03024376972,213,7.787,0.000142813,0.0,0.111171563,0.0,7.285,7.173949421,0.039175069,0.367
fashion_mnist,hnsw,1,L2,8.0,160.0,40.0,,,,[0.9883],[1.0],42.4574,23553.02020378073,230,8.3,3.375e-05,0.0,0.101671354,0.0,7.583,7.474857917,0.038432693,0.595
fashion_mnist,hnsw,1,L2,8.0,160.0,80.0,,,,[0.9941],[1.0],66.9964,14926.175137768598,209,8.362,3.7083e-05,0.0,0.111888229,0.0,7.406,7.303223227,0.036513504,0.822
fashion_mnist,hnsw,1,L2,8.0,40.0,16.0,,,,[0.9449],[0.9975],21.464599999999997,46588.33614416295,256,3.208,2.9375e-05,0.0,0.110529218,0.0,2.701,2.591979581,0.038980414,0.371
fashion_mnist,hnsw,1,L2,8.0,40.0,40.0,,,,[0.9787],[0.9997],36.830400000000004,27151.483557061558,210,3.336,3.6458e-05,0.0,0.1041875,0.0,2.707,2.59651135,0.039428948,0.503
fashion_mnist,hnsw,1,L2,8.0,40.0,80.0,,,,[0.989],[0.9998],59.968,16675.56029882604,256,3.588,3.0416e-05,0.0,0.088725469,0.0,2.713,2.606884998,0.036247459,0.766
fashion_mnist,hnsw,1,L2,8.0,80.0,16.0,,,,[0.9577],[0.9992],22.438200000000002,44566.85473879366,220,4.964,4.5469e-05,0.0,0.092320052,0.0,4.468,4.357686404,0.038487929,0.382
fashion_mnist,hnsw,1,L2,8.0,80.0,40.0,,,,[0.9858],[0.9998],40.8722,24466.507797476035,230,5.129,2.5208e-05,0.0,0.0848025,0.0,4.462,4.366384739,0.032784159,0.56
fashion_mnist,hnsw,1,L2,8.0,80.0,80.0,,,,[0.9927],[1.0],63.3996,15772.97017646799,219,5.42,4.6511e-05,0.0,0.097609219,0.0,4.49,4.380320311,0.035880977,0.814
fashion_mnist,hnsw,3,L2,8.0,160.0,16.0,,,,"[0.9626, 0.9626, 0.9626]","[0.9996, 0.9996, 0.9996]",23.8962,41847.657786593685,243,8.406,2.6146e-05,0.0,0.119554531,0.0,7.821,7.704388488,0.039164991,0.447
fashion_mnist,hnsw,3,L2,8.0,160.0,40.0,,,,"[0.9884, 0.9884, 0.9884]","[1.0, 1.0, 1.0]",251.3344,3978.762954852181,223,76.695,0.000223593,0.0,1.111429531,0.0,66.132,63.585939511,0.932552616,9.165
fashion_mnist,hnsw,3,L2,8.0,160.0,80.0,,,,"[0.9942, 0.9942, 0.9942]","[1.0, 1.0, 1.0]",379.43059999999997,2635.528078125486,192,72.349,5.3489e-05,0.0,1.147899218,0.0,64.336,62.802856539,0.576501022,6.781
fashion_mnist,hnsw,3,L2,8.0,40.0,16.0,,,,"[0.9461, 0.9461, 0.9461]","[0.9984, 0.9982, 0.9980666666666668]",117.79180000000001,8489.555300114269,207,32.17,4.9063e-05,0.0,1.037920729,0.0,27.161,25.646063218,0.532950785,3.875
fashion_mnist,hnsw,3,L2,8.0,40.0,40.0,,,,"[0.978, 0.978, 0.978]","[0.9996, 0.99955, 0.9995333333333334]",36.6698,27270.396893356385,246,3.389,3.3125e-05,0.0,0.112848854,0.0,2.7,2.589286143,0.038815803,0.558
fashion_mnist,hnsw,3,L2,8.0,40.0,80.0,,,,"[0.9889, 0.9889, 0.9889]","[0.9998, 0.9998, 0.9998]",59.2006,16891.720692020015,237,3.685,3.125e-05,0.0,0.123945208,0.0,2.763,2.654739951,0.040528644,0.779
fashion_mnist,hnsw,3,L2,8.0,80.0,16.0,,,,"[0.9577, 0.9577, 0.9577]","[0.9992, 0.99915, 0.9991333333333332]",22.8986,43670.79210082713,221,5.031,3.3021e-05,0.0,0.116523646,0.0,4.483,4.380526926,0.034901361,0.414
fashion_mnist,hnsw,3,L2,8.0,80.0,40.0,,,,"[0.9862, 0.9862, 0.9862]","[0.9998, 0.9998, 0.9998]",40.446,24724.32378974435,208,5.246,3.9115e-05,0.0,0.113317656,0.0,4.543,4.43704161,0.036937232,0.571
fashion_mnist,hnsw,3,L2,8.0,80.0,80.0,,,,"[0.9926, 0.9926, 0.9926]","[0.9999, 0.9999, 0.9999]",63.9174,15645.192076023117,159,5.49,3.6146e-05,0.0,0.119752657,0.0,4.552,4.444053332,0.03608047,0.8
fashion_mnist,hnsw,5,L2,8.0,160.0,16.0,,,,"[0.9623, 0.9623, 0.9623, 0.9623, 0.9623]","[0.9996, 0.9996, 0.9996, 0.999575, 0.99954]",24.1068,41482.071448719864,176,8.051,3.5625e-05,0.0,0.11848724,0.0,7.504,7.396259476,0.038473077,0.412
fashion_mnist,hnsw,5,L2,8.0,160.0,40.0,,,,"[0.9879, 0.9879, 0.9879, 0.9879, 0.9879]","[1.0, 1.0, 1.0, 1.0, 1.0]",42.6084,23469.550605045013,241,8.255,3.9844e-05,0.0,0.121201041,0.0,7.486,7.387068797,0.03438816,0.627
fashion_mnist,hnsw,5,L2,8.0,160.0,80.0,,,,"[0.9943, 0.9943, 0.9943, 0.9943, 0.9943]","[1.0, 1.0, 1.0, 1.0, 1.0]",68.29960000000001,14641.374180815114,230,8.518,3.1563e-05,0.0,0.102029896,0.0,7.488,7.37807901,0.038652222,0.908
fashion_mnist,hnsw,5,L2,8.0,40.0,16.0,,,,"[0.944, 0.944, 0.944, 0.944, 0.944]","[0.9982, 0.99795, 0.9978333333333332, 0.99775, 0.9977]",22.0966,45255.83121385191,243,3.315,3.8177e-05,0.0,0.109179427,0.0,2.725,2.623352391,0.037118986,0.458
fashion_mnist,hnsw,5,L2,8.0,40.0,40.0,,,,"[0.9779, 0.9779, 0.9779, 0.9779, 0.9779]","[0.9994, 0.9994, 0.9993666666666667, 0.99935, 0.9993200000000001]",37.526199999999996,26648.048563403703,271,3.409,3.1719e-05,0.0,0.105350468,0.0,2.727,2.624348071,0.036454495,0.556
fashion_mnist,hnsw,5,L2,8.0,40.0,80.0,,,,"[0.989, 0.989, 0.989, 0.989, 0.989]","[0.9997, 0.9997, 0.9997, 0.9997, 0.9997]",60.575199999999995,16508.406080376128,272,3.668,3.9531e-05,0.0,0.1076,0.0,2.714,2.614266249,0.034771689,0.828
fashion_mnist,hnsw,5,L2,8.0,80.0,16.0,,,,"[0.9576, 0.9576, 0.9576, 0.9576, 0.9576]","[0.9991, 0.99905, 0.9990333333333332, 0.999025, 0.99902]",23.359,42810.05180016268,233,5.052,3.7188e-05,0.0,0.103792343,0.0,4.465,4.355076404,0.037722911,0.46
fashion_mnist,hnsw,5,L2,8.0,80.0,40.0,,,,"[0.9858, 0.9858, 0.9858, 0.9858, 0.9858]","[0.9998, 0.9998, 0.9998, 0.9998, 0.9998]",41.117599999999996,24320.48563145709,239,5.285,4.6407e-05,0.0,0.112778281,0.0,4.525,4.428223172,0.032427884,0.627
fashion_mnist,hnsw,5,L2,8.0,80.0,80.0,,,,"[0.9925, 0.9925, 0.9925, 0.9925, 0.9925]","[0.9999, 0.9999, 0.9999, 0.9999, 0.9999]",64.2098,15573.946656117912,247,5.421,3.9114e-05,0.0,0.121290156,0.0,4.469,4.362556144,0.035887358,0.812
fashion_mnist,ivf,1,L2,,,,1960.0,196.0,60000.0,[1.0],[1.0],408.75559999999996,2446.4496633195977,464,15.589,0.002167969,0.0,0.133516667,9.75137109,1.248,1.167497398,0.019511611,4.209
fashion_mnist,ivf,1,L2,,,,1960.0,20.0,60000.0,[0.9955],[1.0],56.534800000000004,17688.220352773867,312,12.205,0.000208386,0.0,0.148477552,9.754343225,1.342,1.259326355,0.020121222,0.738
fashion_mnist,ivf,1,L2,,,,1960.0,39.0,60000.0,[0.999],[1.0],97.8994,10214.56719857323,472,12.486,0.000325625,0.0,0.131549219,9.746433642,1.251,1.165793329,0.020643137,1.149
fashion_mnist,ivf,1,L2,,,,1960.0,78.0,60000.0,[0.9998],[1.0],180.50220000000002,5540.098680237692,432,13.365,0.000305468,0.0,0.138553229,9.713471298,1.341,1.252908543,0.021761257,1.966
fashion_mnist,ivf,1,L2,,,,245.0,10.0,60000.0,[0.9961],[1.0],141.00920000000002,7091.735858369524,375,3.655,8.1041e-05,0.0,0.166493489,1.432255468,0.306,0.228285673,0.019666172,1.55
fashion_mnist,ivf,1,L2,,,,245.0,24.0,60000.0,[0.9996],[1.0],324.7236,3079.542109042891,469,5.481,6.3438e-05,0.0,0.173783334,1.426046718,0.303,0.230132293,0.019029687,3.381
fashion_mnist,ivf,1,L2,,,,245.0,2.0,60000.0,[0.8662],[1.0],32.924,30372.980196816912,476,2.591,5.8594e-05,0.0,0.189675312,1.436282812,0.315,0.231959375,0.021357515,0.432
fashion_mnist,ivf,1,L2,,,,245.0,5.0,60000.0,[0.9811],[1.0],74.75739999999999,13376.602182526412,308,2.936,5.9375e-05,0.0,0.101056094,1.442703489,0.327,0.24573583,0.021208498,0.865
fashion_mnist,ivf,1,L2,,,,3919.0,157.0,60000.0,[0.9999],[1.0],209.0112,4784.432604568558,419,24.197,0.000473645,0.0,0.174373906,19.313075774,2.256,2.176338907,0.019566805,2.243
fashion_mnist,ivf,1,L2,,,,3919.0,392.0,60000.0,[1.0],[1.0],462.88340000000005,2160.3712727654524,535,26.662,0.000314688,0.0,0.1459375,19.380917753,2.151,2.06310625,0.021397311,4.789
fashion_mnist,ivf,1,L2,,,,3919.0,39.0,60000.0,[0.9972],[1.0],78.853,12681.825675624263,249,23.223,0.000498646,0.0,0.189389062,19.631625982,2.269,2.178904476,0.022153413,0.939
fashion_mnist,ivf,1,L2,,,,3919.0,78.0,60000.0,[0.9996],[1.0],122.68,8151.287903488751,533,23.301,0.000504844,0.0,0.201544948,19.425780305,2.145,2.058943174,0.021068238,1.349
fashion_mnist,ivf,1,L2,,,,980.0,10.0,60000.0,[0.9857],[1.0],49.6306,20148.859776025274,517,6.731,9.4271e-05,0.0,0.215057136,4.967831508,0.708,0.621145935,0.021395221,0.651
fashion_mnist,ivf,1,L2,,,,980.0,20.0,60000.0,[0.9972],[1.0],84.19319999999999,11877.44378405857,504,7.002,8.4635e-05,0.0,0.147022969,4.957199164,0.727,0.645170571,0.020587302,0.978
fashion_mnist,ivf,1,L2,,,,980.0,39.0,60000.0,[0.9994],[1.0],155.4278,6433.855462150273,498,7.712,0.000166667,0.0,0.144751771,4.935055259,0.736,0.653322552,0.020904818,1.697
fashion_mnist,ivf,1,L2,,,,980.0,98.0,60000.0,[1.0],[1.0],366.2708,2730.220372467584,497,10.006,0.000223021,0.0,0.247885573,4.954493748,0.795,0.712172918,0.021448746,3.827
fashion_mnist,ivf,3,L2,,,,1960.0,196.0,60000.0,"[1.0, 1.0, 1.0]","[1.0, 1.0, 1.0]",395.36359999999996,2529.3173170215973,357,15.332,0.000624375,0.0,0.134614427,9.702747601,1.177,1.09348974,0.020496679,4.12
fashion_mnist,ivf,3,L2,,,,1960.0,20.0,60000.0,"[0.9955, 0.9955, 0.9955]","[1.0, 1.0, 1.0]",56.471,17708.20421101096,349,12.247,0.000372188,0.0,0.157349584,9.739333798,1.408,1.313948227,0.021541543,0.749
fashion_mnist,ivf,3,L2,,,,1960.0,39.0,60000.0,"[0.999, 0.999, 0.999]","[1.0, 1.0, 1.0]",101.42960000000001,9859.054950428672,371,12.911,0.000373907,0.0,0.207800052,9.710026194,1.577,1.482774633,0.022166065,1.22
fashion_mnist,ivf,3,L2,,,,1960.0,78.0,60000.0,"[0.9998, 0.9998, 0.9998]","[1.0, 1.0, 1.0]",178.8854,5590.171137499204,368,13.369,0.000308438,0.0,0.161407812,9.7252926,1.291,1.198643384,0.022743097,1.989
fashion_mnist,ivf,3,L2,,,,245.0,10.0,60000.0,"[0.9961, 0.9961, 0.9961]","[1.0, 1.0, 1.0]",149.6736,6681.204968678511,377,4.02,7.0365e-05,0.0,0.265250885,1.445758281,0.389,0.309429114,0.018743523,1.727
fashion_mnist,ivf,3,L2,,,,245.0,24.0,60000.0,"[0.9996, 0.9996, 0.9996]","[1.0, 1.0, 1.0]",332.9948,3003.0498974758766,399,5.877,6.7812e-05,0.0,0.26276099,1.499741041,0.39,0.303269842,0.023250845,3.528
fashion_mnist,ivf,3,L2,,,,245.0,2.0,60000.0,"[0.8662, 0.8662, 0.8662]","[1.0, 1.0, 1.0]",38.7338,25817.24488689465,388,3.0,6.1563e-05,0.0,0.278857396,1.462536666,0.49,0.396914894,0.02103196,0.571
fashion_mnist,ivf,3,L2,,,,245.0,5.0,60000.0,"[0.9811, 0.9811, 0.9811]","[1.0, 1.0, 1.0]",73.8998,13531.836351383901,365,3.146,5.0781e-05,0.0,0.163249791,1.527538541,0.332,0.247261303,0.022021876,0.922
fashion_mnist,ivf,3,L2,,,,3919.0,157.0,60000.0,"[0.9999, 0.9999, 0.9999]","[1.0, 1.0, 1.0]",218.62879999999998,4573.962808193614,284,25.539,0.000435573,0.0,0.244374219,19.977259784,2.767,2.677993545,0.022374418,2.349
fashion_mnist,ivf,3,L2,,,,3919.0,392.0,60000.0,"[1.0, 1.0, 1.0]","[1.0, 1.0, 1.0]",471.51059999999995,2120.843094513676,284,27.837,0.000487291,0.0,0.196940938,19.636677701,2.908,2.811288592,0.021649453,4.887
fashion_mnist,ivf,3,L2,,,,3919.0,39.0,60000.0,"[0.9972, 0.9972, 0.9972]","[1.0, 1.0, 1.0]",79.271,12614.953766194447,294,23.226,0.000552813,0.0,0.209818906,19.40144869,2.422,2.335576555,0.021204394,0.985
fashion_mnist,ivf,3,L2,,,,3919.0,78.0,60000.0,"[0.9996, 0.9996, 0.9996]","[1.0, 1.0, 1.0]",123.06519999999999,8125.773979971593,511,23.39,0.000676615,0.0,0.158974166,19.346824888,2.264,2.176884947,0.021736758,1.418
fashion_mnist,ivf,3,L2,,,,980.0,10.0,60000.0,"[0.9857, 0.9857, 0.9857]","[1.0, 1.0, 1.0]",49.252199999999995,20303.66156232615,347,7.125,0.000129844,0.0,0.178357969,4.946973123,1.133,1.048072918,0.021218821,0.666
fashion_mnist,ivf,3,L2,,,,980.0,20.0,60000.0,"[0.9972, 0.9972, 0.9972]","[1.0, 1.0, 1.0]",84.9888,11766.25625964833,369,7.302,0.000148229,0.0,0.220148333,4.897036508,0.974,0.884661719,0.021836204,0.996
fashion_mnist,ivf,3,L2,,,,980.0,39.0,60000.0,"[0.9994, 0.9994, 0.9994]","[1.0, 1.0, 1.0]",157.5002,6349.198286732334,400,8.129,0.000131354,0.0,0.204815469,4.966654529,0.977,0.883703853,0.024250661,1.768
fashion_mnist,ivf,3,L2,,,,980.0,98.0,60000.0,"[1.0, 1.0, 1.0]","[1.0, 1.0, 1.0]",363.25440000000003,2752.8916373758993,473,9.991,0.00015823,0.0,0.20016875,4.911884634,0.795,0.704804837,0.021812094,3.848
fashion_mnist,ivf,5,L2,,,,1960.0,196.0,60000.0,"[1.0, 1.0, 1.0, 1.0, 1.0]","[1.0, 1.0, 1.0, 1.0, 1.0]",403.9018,2475.849327732632,479,15.632,0.000306719,0.0,0.13533177,9.832282444,1.204,1.114631249,0.022201408,4.249
fashion_mnist,ivf,5,L2,,,,1960.0,20.0,60000.0,"[0.9955, 0.9955, 0.9955, 0.9955, 0.9955]","[1.0, 1.0, 1.0, 1.0, 1.0]",56.5628,17679.464241515623,473,12.209,0.00042125,0.0,0.197322656,9.739875257,1.288,1.204925101,0.020587127,0.772
fashion_mnist,ivf,5,L2,,,,1960.0,39.0,60000.0,"[0.999, 0.999, 0.999, 0.999, 0.999]","[1.0, 1.0, 1.0, 1.0, 1.0]",96.677,10343.721878006145,393,12.612,0.00027375,0.0,0.168332761,9.815748955,1.246,1.157609219,0.021618247,1.181
fashion_mnist,ivf,5,L2,,,,1960.0,78.0,60000.0,"[0.9998, 0.9998, 0.9998, 0.9998, 0.9998]","[1.0, 1.0, 1.0, 1.0, 1.0]",1693.1483999999998,590.6156837758581,381,236.342,0.001600469,0.0,1.14483953,184.745493054,27.081,25.639444525,0.391411383,19.701
fashion_mnist,ivf,5,L2,,,,245.0,10.0,60000.0,"[0.9961, 0.9961, 0.9961, 0.9961, 0.9961]","[1.0, 1.0, 1.0, 1.0, 1.0]",137.588,7268.075704276535,528,4.014,0.000345782,0.0,0.113021563,1.45929578,0.306,0.212836975,0.025642474,1.864
fashion_mnist,ivf,5,L2,,,,245.0,24.0,60000.0,"[0.9996, 0.9996, 0.9996, 0.9996, 0.9996]","[1.0, 1.0, 1.0, 1.0, 1.0]",323.1224,3094.8024649482672,161,5.547,6.224e-05,0.0,0.098940052,1.498592135,0.322,0.238732502,0.02140054,3.448
fashion_mnist,ivf,5,L2,,,,245.0,2.0,60000.0,"[0.8662, 0.8662, 0.8662, 0.8662, 0.8662]","[1.0, 1.0, 1.0, 0.999975, 0.9999399999999999]",31.877,31370.58066944819,499,2.634,3.6094e-05,0.0,0.113418072,1.477225937,0.292,0.208947296,0.021778222,0.569
fashion_mnist,ivf,5,L2,,,,245.0,5.0,60000.0,"[0.9811, 0.9811, 0.9811, 0.9811, 0.9811]","[1.0, 1.0, 1.0, 1.0, 1.0]",75.3998,13262.634648898273,489,2.989,2.3281e-05,0.0,0.099675782,1.437569895,0.296,0.213037184,0.020938621,0.953
fashion_mnist,ivf,5,L2,,,,3919.0,157.0,60000.0,"[0.9999, 0.9999, 0.9999, 0.9999, 0.9999]","[1.0, 1.0, 1.0, 1.0, 1.0]",208.4624,4797.028145123533,350,24.173,0.000739843,0.0,0.127386198,19.360094836,2.188,2.093821147,0.023190071,2.293
fashion_mnist,ivf,5,L2,,,,3919.0,392.0,60000.0,"[1.0, 1.0, 1.0, 1.0, 1.0]","[1.0, 1.0, 1.0, 1.0, 1.0]",462.936,2160.1258057269256,362,26.772,0.000426928,0.0,0.147783438,19.323191347,2.273,2.185747446,0.020804374,4.832
fashion_mnist,ivf,5,L2,,,,3919.0,39.0,60000.0,"[0.9972, 0.9972, 0.9972, 0.9972, 0.9972]","[1.0, 1.0, 1.0, 1.0, 1.0]",72.56460000000001,13780.824258660557,498,23.251,0.000485156,0.0,0.123425052,19.835204628,2.181,2.092969897,0.020020584,0.913
fashion_mnist,ivf,5,L2,,,,3919.0,78.0,60000.0,"[0.9996, 0.9996, 0.9996, 0.9996, 0.9996]","[1.0, 1.0, 1.0, 1.0, 1.0]",118.0838,8468.56215670566,455,23.401,0.000268489,0.0,0.113292604,19.58026968,2.155,2.064939789,0.021709804,1.367
fashion_mnist,ivf,5,L2,,,,980.0,10.0,60000.0,"[0.9857, 0.9857, 0.9857, 0.9857, 0.9857]","[1.0, 1.0, 1.0, 1.0, 1.0]",45.675,21893.814997263275,347,6.611,0.000137812,0.0,0.092206094,4.957033487,0.7,0.605934949,0.023335981,0.668
fashion_mnist,ivf,5,L2,,,,980.0,20.0,60000.0,"[0.9972, 0.9972, 0.9972, 0.9972, 0.9972]","[1.0, 1.0, 1.0, 1.0, 1.0]",83.9136,11917.019410441215,376,6.976,0.000144062,0.0,0.092351615,4.910530883,0.712,0.616479844,0.022980085,1.064
fashion_mnist,ivf,5,L2,,,,980.0,39.0,60000.0,"[0.9994, 0.9994, 0.9994, 0.9994, 0.9994]","[1.0, 1.0, 1.0, 1.0, 1.0]",153.1326,6530.288129372844,383,7.674,0.000132865,0.0,0.087677344,4.974855988,0.705,0.610469527,0.023650596,1.726
fashion_mnist,ivf,5,L2,,,,980.0,98.0,60000.0,"[1.0, 1.0, 1.0, 1.0, 1.0]","[1.0, 1.0, 1.0, 1.0, 1.0]",360.475,2774.1174838754423,543,9.664,0.00017599,0.0,0.091462187,4.942423801,0.667,0.583750832,0.020399984,3.773
glove_100,flat,1,IP,,,,,,,[1.0],[1.0],2155.6938,463.88777478508314,1149,22.732,0.000136093,0.0,0.136286093,0.0,0.878,0.47573131,0.179010885,21.699
glove_100,flat,3,IP,,,,,,,"[1.0, 1.0, 1.0]","[1.0, 1.0, 1.0]",1306.0832,765.6480077226321,1148,14.337,1.3594e-05,0.0,0.202476458,0.0,0.897,0.469976145,0.176155172,13.22
glove_100,flat,5,IP,,,,,,,"[1.0, 1.0, 1.0, 1.0, 1.0]","[1.0, 1.0, 1.0, 1.0, 1.0]",1306.5556000000001,765.3711789991945,1151,14.37,1.5521e-05,0.0,0.2009625,0.0,0.882,0.467463441,0.177123635,13.269
glove_100,hnsw,1,IP,32.0,160.0,160.0,,,,[0.9354],[1.0],206.526,4842.005364941944,1345,323.404,0.00016125,0.0,0.543370833,0.0,320.6,319.429507744,0.367621841,2.24
glove_100,hnsw,1,IP,32.0,160.0,320.0,,,,[0.9655],[1.0],385.5936,2593.4040399010773,1011,339.662,4.0625e-05,0.0,0.592590781,0.0,335.016,333.715930034,0.408204737,4.034
glove_100,hnsw,1,IP,32.0,160.0,64.0,,,,[0.8752],[0.9998],96.7138,10339.786049147071,1201,336.367,3.0625e-05,0.0,0.493666562,0.0,334.701,333.417484667,0.404215092,1.149
glove_100,hnsw,1,IP,32.0,320.0,160.0,,,,[0.9495],[1.0],243.7634,4102.338579130419,1109,719.141,3e-05,0.0,0.575336354,0.0,715.901,714.617498822,0.391131208,2.648
glove_100,hnsw,1,IP,32.0,320.0,320.0,,,,[0.9762],[1.0],473.3258,2112.7096811540805,804,1030.467,3.8281e-05,0.0,1.171177656,0.0,1024.281,1021.217025025,0.514517722,4.987
glove_100,hnsw,1,IP,32.0,320.0,64.0,,,,[0.8944],[0.9999],119.1642,8391.782095629393,718,703.989,0.000125938,0.0,0.736979583,0.0,701.828,700.095388019,0.815225965,1.377
glove_100,hnsw,1,IP,32.0,640.0,160.0,,,,[0.9548],[1.0],1838.0158000000001,544.0649639682097,1294,7642.102,2.9532e-05,0.0,3.723680572,0.0,7617.897,7609.183604661,4.656014066,20.377
glove_100,hnsw,1,IP,32.0,640.0,320.0,,,,[0.9801],[1.0],470.7496,2124.2715872727244,1241,1610.465,0.000938438,0.0,0.550612188,0.0,1604.59,1602.091956161,0.535538356,5.253
glove_100,hnsw,1,IP,32.0,640.0,64.0,,,,[0.8995],[1.0],114.1274,8762.137751320017,602,1883.683,3.0782e-05,0.0,0.574465624,0.0,1881.61,1878.584433815,0.543085167,1.473
glove_100,hnsw,3,IP,32.0,160.0,160.0,,,,"[0.9359, 0.9359, 0.9359]","[1.0, 1.0, 1.0]",191.5292,5221.1359938850055,1274,395.327,2.6563e-05,0.0,0.530030677,0.0,392.538,390.648674493,0.477753828,2.233
glove_100,hnsw,3,IP,32.0,160.0,320.0,,,,"[0.9663, 0.9663, 0.9663]","[1.0, 1.0, 1.0]",354.71959999999996,2819.128122607265,1032,383.823,2.9219e-05,0.0,0.661033594,0.0,379.291,377.693255318,0.433253227,3.843
glove_100,hnsw,3,IP,32.0,160.0,64.0,,,,"[0.8746, 0.8746, 0.8746]","[0.9998, 0.9997, 0.9996]",90.93480000000001,10996.890079485522,916,398.871,2.2031e-05,0.0,0.598840781,0.0,396.952,394.15802245,1.728301077,1.202
glove_100,hnsw,3,IP,32.0,320.0,160.0,,,,"[0.9496, 0.9496, 0.9496]","[1.0, 1.0, 1.0]",227.2704,4400.045056461378,887,957.424,3.2344e-05,0.0,0.642585677,0.0,954.262,951.625572342,0.535614244,2.498
glove_100,hnsw,3,IP,32.0,320.0,320.0,,,,"[0.9772, 0.9772, 0.9772]","[1.0, 1.0, 1.0]",426.4358,2345.0188750569255,1091,970.192,3e-05,0.0,0.669270625,0.0,964.947,962.41010328,0.675611894,4.552
glove_100,hnsw,3,IP,32.0,320.0,64.0,,,,"[0.8944, 0.8944, 0.8944]","[0.9999, 0.9999, 0.9998666666666668]",103.379,9673.144449066058,1159,946.302,2.3906e-05,0.0,0.726224999,0.0,944.225,941.711929277,0.562616648,1.324
glove_100,hnsw,3,IP,32.0,640.0,160.0,,,,"[0.9543, 0.9543, 0.9543]","[1.0, 1.0, 1.0]",249.8536,4002.3437725131835,1166,1885.197,2.3437e-05,0.0,0.695177031,0.0,1881.679,1878.995853558,0.535277989,2.793
glove_100,hnsw,3,IP,32.0,640.0,320.0,,,,"[0.9798, 0.9798, 0.9798]","[1.0, 1.0, 1.0]",475.96540000000005,2100.993055377555,1096,1894.97,3.1823e-05,0.0,0.990105104,0.0,1888.803,1886.058032663,0.567081166,5.055
glove_100,hnsw,3,IP,32.0,640.0,64.0,,,,"[0.8996, 0.8996, 0.8996]","[1.0, 1.0, 1.0]",115.3822,8666.84809268674,802,1858.562,2.1927e-05,0.0,1.518088906,0.0,1855.546,1851.484202106,1.834520936,1.461
glove_100,hnsw,5,IP,32.0,160.0,160.0,,,,"[0.9356, 0.9356, 0.9356, 0.9356, 0.9356]","[1.0, 1.0, 1.0, 1.0, 1.0]",200.4056,4989.880522300774,1058,384.762,3.3802e-05,0.0,0.657616719,0.0,381.696,379.636009948,0.756714921,2.376
glove_100,hnsw,5,IP,32.0,160.0,320.0,,,,"[0.9655, 0.9655, 0.9655, 0.9655, 0.9655]","[1.0, 1.0, 1.0, 1.0, 1.0]",354.4282,2821.4459233209996,1041,403.818,2.5937e-05,0.0,0.858450677,0.0,399.044,397.016006565,0.719001787,3.884
glove_100,hnsw,5,IP,32.0,160.0,64.0,,,,"[0.8744, 0.8744, 0.8744, 0.8744, 0.8744]","[0.9998, 0.9997, 0.9996, 0.999425, 0.9993200000000001]",85.04180000000001,11758.923258915027,1458,268.697,0.000328282,0.0,0.323990885,0.0,266.984,265.982743857,0.332907635,1.321
glove_100,hnsw,5,IP,32.0,320.0,160.0,,,,"[0.9486, 0.9486, 0.9486, 0.9486, 0.9486]","[1.0, 1.0, 1.0, 1.0, 1.0]",231.74220000000003,4315.139840736819,1418,677.882,0.000807708,0.0,0.497619062,0.0,674.364,672.981315559,0.433975055,2.926
glove_100,hnsw,5,IP,32.0,320.0,320.0,,,,"[0.9765, 0.9765, 0.9765, 0.9765, 0.9765]","[1.0, 1.0, 1.0, 1.0, 1.0]",423.9904,2358.5439670332157,1071,960.639,3.0937e-05,0.0,0.630432656,0.0,955.309,952.263824946,0.5254507,4.672
glove_100,hnsw,5,IP,32.0,320.0,64.0,,,,"[0.8932, 0.8932, 0.8932, 0.8932, 0.8932]","[0.9999, 0.9999, 0.9998666666666668, 0.99985, 0.99982]",108.333,9230.797633223487,1535,950.449,2.2344e-05,0.0,0.527713698,0.0,948.58,946.11576246,0.538444248,1.316
glove_100,hnsw,5,IP,32.0,640.0,160.0,,,,"[0.9547, 0.9547, 0.9547, 0.9547, 0.9547]","[1.0, 1.0, 1.0, 1.0, 1.0]",257.0676,3890.0273702325767,1583,1843.404,2.3282e-05,0.0,0.703058854,0.0,1839.771,1836.426450007,0.534606791,2.901
glove_100,hnsw,5,IP,32.0,640.0,320.0,,,,"[0.9799, 0.9799, 0.9799, 0.9799, 0.9799]","[1.0, 1.0, 1.0, 1.0, 1.0]",1316.9116000000001,759.3524121133112,880,2169.408,3.375e-05,0.0,0.804777656,0.0,2154.608,2151.877660615,0.574583171,13.965
glove_100,hnsw,5,IP,32.0,640.0,64.0,,,,"[0.8988, 0.8988, 0.8988, 0.8988, 0.8988]","[1.0, 1.0, 1.0, 1.0, 1.0]",113.8642,8782.391656025336,1048,1709.923,2.9062e-05,0.0,0.555362656,0.0,1707.849,1705.539424298,0.496908184,1.49
glove_100,ivf,1,IP,,,,1088.0,109.0,1000000.0,[0.9658],[1.0],2505.0952,399.18642612863573,812,47.221,0.000125156,0.0,0.366573855,12.592433381,7.497,6.376540421,0.432940044,25.68
glove_100,ivf,1,IP,,,,1088.0,11.0,1000000.0,[0.8171],[1.0],245.15679999999998,4079.022078930709,780,23.652,0.000195469,0.0,0.23754375,13.518644474,5.976,5.220462148,0.296247812,2.937
glove_100,ivf,1,IP,,,,1088.0,22.0,1000000.0,[0.8781],[1.0],383.70959999999997,2606.137558195052,738,22.747,0.00024349,0.0,0.372712916,11.509404319,5.495,4.772146187,0.283799554,4.396
glove_100,ivf,1,IP,,,,1088.0,44.0,1000000.0,[0.9252],[1.0],772.3684000000001,1294.718945000857,784,25.918,0.000188073,0.0,0.332991093,10.501885882,6.039,5.151599841,0.32855729,8.067
glove_100,ivf,1,IP,,,,17406.0,1741.0,1000000.0,[0.9931],[1.0],4287.8264,233.21839708809105,712,868.498,0.00272625,0.0,0.651583802,717.429650508,106.095,104.722202569,0.448718735,43.275
glove_100,ivf,1,IP,,,,17406.0,174.0,1000000.0,[0.9234],[1.0],468.0328,2136.6023919691097,740,810.903,0.002469948,0.0,0.511114844,692.934330569,111.239,110.3567224,0.318550011,5.237
glove_100,ivf,1,IP,,,,17406.0,348.0,1000000.0,[0.9541],[1.0],869.5266,1150.0510737681861,877,843.285,0.002307813,0.0,0.373321458,720.54551634,112.246,111.331514279,0.314526272,9.14
glove_100,ivf,1,IP,,,,17406.0,696.0,1000000.0,[0.9756],[1.0],1649.5296,606.233437702482,832,809.777,0.0026375,0.0,0.498978594,694.844342548,96.712,95.472189342,0.423177829,16.772
glove_100,ivf,1,IP,,,,4352.0,174.0,1000000.0,[0.9533],[1.0],1228.9633999999999,813.6938821774514,917,227.119,0.0006175,0.0,0.462892083,183.919244617,29.031,27.902105869,0.390180075,12.731
glove_100,ivf,1,IP,,,,4352.0,435.0,1000000.0,[0.9809],[1.0],2999.4914,333.38985402658597,670,231.641,0.000629427,0.0,0.455065156,177.865301078,22.065,20.877572964,0.418746066,30.308
glove_100,ivf,1,IP,,,,4352.0,44.0,1000000.0,[0.8801],[1.0],290.359,3444.0124122207335,690,209.668,0.000646407,0.0,0.882831875,178.303663473,26.228,25.08909207,0.392564504,3.308
glove_100,ivf,1,IP,,,,4352.0,87.0,1000000.0,[0.9241],[1.0],596.9516,1675.1776860971645,720,199.906,0.00057375,0.0,0.66328901,172.056337747,19.907,18.975222274,0.335292785,6.263
glove_100,ivf,1,IP,,,,8703.0,174.0,1000000.0,[0.9376],[1.0],671.3858,1489.4565836810966,690,410.452,0.001574895,0.0,0.779130728,349.677372367,51.935,50.549133823,0.451622475,7.079
glove_100,ivf,1,IP,,,,8703.0,348.0,1000000.0,[0.9634],[1.0],1550.3038000000001,645.0348634893368,692,417.522,0.001482292,0.0,1.500184062,349.200529971,50.078,48.39964123,0.551740704,15.792
glove_100,ivf,1,IP,,,,8703.0,870.0,1000000.0,[0.9871],[1.0],3224.3797999999997,310.13716188148805,767,448.781,0.002261875,0.0,0.762909531,364.922609704,49.594,46.300835657,2.171945525,32.51
glove_100,ivf,1,IP,,,,8703.0,87.0,1000000.0,[0.8997],[1.0],504.03479999999996,1983.9899943416606,752,421.244,0.003900365,0.0,1.515897812,361.62920231,51.289,49.641442202,0.553186682,5.661
glove_100,ivf,3,IP,,,,1088.0,109.0,1000000.0,"[0.9658, 0.9658, 0.9658]","[1.0, 1.0, 1.0]",984.9101999999999,1015.3209906852422,764,35.615,0.000458593,0.0,0.348949218,14.914269161,8.127,7.177259533,0.336953473,10.157
glove_100,ivf,3,IP,,,,1088.0,11.0,1000000.0,"[0.8171, 0.8171, 0.8171]","[1.0, 1.0, 1.0]",211.17839999999998,4735.332780246465,868,19.231,0.000915625,0.0,0.338669271,9.658822184,5.318,4.532612699,0.304980196,2.929
glove_100,ivf,3,IP,,,,1088.0,22.0,1000000.0,"[0.8781, 0.8781, 0.8781]","[1.0, 1.0, 1.0]",348.98740000000004,2865.4329640554356,763,19.941,0.000185938,0.0,0.358604844,8.838677809,5.728,4.826797462,0.341906327,4.022
glove_100,ivf,3,IP,,,,1088.0,44.0,1000000.0,"[0.9252, 0.9252, 0.9252]","[1.0, 1.0, 1.0]",796.8128,1254.9999196800052,766,23.949,0.000222812,0.0,0.324347708,8.215053122,6.074,5.128733014,0.366635144,8.384
glove_100,ivf,3,IP,,,,17406.0,1741.0,1000000.0,"[0.9931, 0.9931, 0.9931]","[1.0, 1.0, 1.0]",4166.5688,240.0056372524078,1282,862.87,0.002667813,0.0,0.510686354,709.156721917,110.293,109.055344829,0.42161714,41.964
glove_100,ivf,3,IP,,,,17406.0,174.0,1000000.0,"[0.9234, 0.9234, 0.9234]","[1.0, 1.0, 1.0]",430.40479999999997,2323.3941628903767,989,795.483,0.002639844,0.0,0.542242188,694.930720933,94.21,93.046455707,0.412024169,4.757
glove_100,ivf,3,IP,,,,17406.0,348.0,1000000.0,"[0.9541, 0.9541, 0.9541]","[1.0, 1.0, 1.0]",827.1682,1208.9439608534274,969,852.811,0.00245,0.0,0.567523646,745.942101955,96.62,95.625522714,0.346381914,8.671
glove_100,ivf,3,IP,,,,17406.0,696.0,1000000.0,"[0.9756, 0.9756, 0.9756]","[1.0, 1.0, 1.0]",1716.7518,582.4953845978201,783,835.317,0.002737135,0.0,0.657696198,710.300230927,105.775,104.802668437,0.337035313,17.514
glove_100,ivf,3,IP,,,,4352.0,174.0,1000000.0,"[0.9533, 0.9533, 0.9533]","[1.0, 1.0, 1.0]",1111.0783999999999,900.0264967800653,685,200.882,0.000642812,0.0,0.419056875,166.228997489,21.692,20.792135317,0.321260395,11.605
glove_100,ivf,3,IP,,,,4352.0,435.0,1000000.0,"[0.9809, 0.9809, 0.9809]","[1.0, 1.0, 1.0]",2648.2644,377.6058009917741,708,208.838,0.000843594,0.0,0.483494844,158.671739158,21.861,20.679706713,0.398546913,26.865
glove_100,ivf,3,IP,,,,4352.0,44.0,1000000.0,"[0.8801, 0.8801, 0.8801]","[1.0, 1.0, 1.0]",369.732,2704.6617550009196,1115,207.343,0.000720053,0.0,0.442266771,176.253684777,25.173,24.109620506,0.371538431,4.543
glove_100,ivf,3,IP,,,,4352.0,87.0,1000000.0,"[0.9241, 0.9241, 0.9241]","[1.0, 1.0, 1.0]",226.5934,4413.191205039511,817,137.871,0.000477656,0.0,0.364882917,117.737267611,15.304,14.127763636,0.405260611,2.574
glove_100,ivf,3,IP,,,,8703.0,174.0,1000000.0,"[0.9376, 0.9376, 0.9376]","[1.0, 1.0, 1.0]",613.7131999999999,1629.4256014046953,678,372.452,0.000458281,0.0,0.263430469,318.305948629,45.662,44.358824515,0.408407823,7.238
glove_100,ivf,3,IP,,,,8703.0,348.0,1000000.0,"[0.9634, 0.9634, 0.9634]","[1.0, 1.0, 1.0]",1434.8078,696.9574600862917,754,412.856,0.001757657,0.0,0.43709599,347.582516274,48.861,47.372756801,0.476825334,15.001
glove_100,ivf,3,IP,,,,8703.0,870.0,1000000.0,"[0.9871, 0.9871, 0.9871]","[1.0, 1.0, 1.0]",3510.9916000000003,284.8198212721443,709,443.703,0.000868907,0.0,0.425554374,350.695726689,55.987,54.467005242,0.478522593,35.651
glove_100,ivf,3,IP,,,,8703.0,87.0,1000000.0,"[0.8997, 0.8997, 0.8997]","[1.0, 1.0, 1.0]",330.3892,3026.7333193700033,749,402.043,0.001577812,0.0,0.426790677,347.16415466,49.776,48.192070338,0.49277081,3.721
glove_100,ivf,5,IP,,,,1088.0,109.0,1000000.0,"[0.9658, 0.9658, 0.9658, 0.9658, 0.9658]","[1.0, 1.0, 1.0, 1.0, 1.0]",2664.605,375.2901461942765,770,48.588,0.000252344,0.0,0.284418646,12.672456402,7.447,6.57065485,0.347539708,27.08
glove_100,ivf,5,IP,,,,1088.0,11.0,1000000.0,"[0.8171, 0.8171, 0.8171, 0.8171, 0.8171]","[1.0, 1.0, 1.0, 1.0, 0.9999600000000001]",248.108,4030.502845535009,787,22.36,0.000200313,0.0,0.37802427,11.771995829,6.416,5.433317194,0.365956857,2.859
glove_100,ivf,5,IP,,,,1088.0,22.0,1000000.0,"[0.8781, 0.8781, 0.8781, 0.8781, 0.8781]","[1.0, 1.0, 1.0, 1.0, 1.0]",446.3614,2240.337090079922,717,23.172,0.00021875,0.0,0.43177276,11.001006298,5.95,4.974572553,0.382587954,4.858
glove_100,ivf,5,IP,,,,1088.0,44.0,1000000.0,"[0.9252, 0.9252, 0.9252, 0.9252, 0.9252]","[1.0, 1.0, 1.0, 1.0, 1.0]",833.3335999999999,1199.9996160001228,764,26.729,0.000187656,0.0,0.395109948,10.440992965,6.147,5.094148396,0.406805494,8.819
glove_100,ivf,5,IP,,,,17406.0,1741.0,1000000.0,"[0.9931, 0.9931, 0.9931, 0.9931, 0.9931]","[1.0, 1.0, 1.0, 1.0, 1.0]",3877.0188,257.93013951853936,901,860.014,0.002726562,0.0,0.589402135,720.878396443,98.322,97.238673497,0.370237044,39.252
glove_100,ivf,5,IP,,,,17406.0,174.0,1000000.0,"[0.9234, 0.9234, 0.9234, 0.9234, 0.9234]","[1.0, 1.0, 1.0, 1.0, 1.0]",401.413,2491.1998365772906,902,794.528,0.002436563,0.0,0.546518542,691.066625257,97.545,96.360829276,0.380985222,4.431
glove_100,ivf,5,IP,,,,17406.0,348.0,1000000.0,"[0.9541, 0.9541, 0.9541, 0.9541, 0.9541]","[1.0, 1.0, 1.0, 1.0, 1.0]",821.899,1216.694508692674,772,838.039,0.002888958,0.0,0.72499474,722.563655714,105.108,104.143701936,0.33859347,8.665
glove_100,ivf,5,IP,,,,17406.0,696.0,1000000.0,"[0.9756, 0.9756, 0.9756, 0.9756, 0.9756]","[1.0, 1.0, 1.0, 1.0, 1.0]",624.8938,1600.271918204341,726,454.226,0.002349896,0.0,0.501732656,388.957666257,56.29,54.859904784,0.431624986,6.541
glove_100,ivf,5,IP,,,,4352.0,174.0,1000000.0,"[0.9533, 0.9533, 0.9533, 0.9533, 0.9533]","[1.0, 1.0, 1.0, 1.0, 1.0]",1241.173,805.6894566672011,768,217.83,0.000349063,0.0,0.237599635,177.216967901,26.262,25.080269261,0.408817366,13.129
glove_100,ivf,5,IP,,,,4352.0,435.0,1000000.0,"[0.9809, 0.9809, 0.9809, 0.9809, 0.9809]","[1.0, 1.0, 1.0, 1.0, 1.0]",3055.9102000000003,327.23474662311736,674,240.936,0.00071375,0.0,0.352301511,179.590465869,28.697,27.702002948,0.343133587,31.334
glove_100,ivf,5,IP,,,,4352.0,44.0,1000000.0,"[0.8801, 0.8801, 0.8801, 0.8801, 0.8801]","[1.0, 1.0, 1.0, 1.0, 1.0]",313.93379999999996,3185.3849442143537,752,202.045,0.000805677,0.0,0.401302292,173.087044153,23.855,22.235694726,0.55252053,3.747
glove_100,ivf,5,IP,,,,4352.0,87.0,1000000.0,"[0.9241, 0.9241, 0.9241, 0.9241, 0.9241]","[1.0, 1.0, 1.0, 1.0, 1.0]",679.5654000000001,1471.5287152641968,746,202.649,0.000895,0.0,0.426065625,172.690869466,21.065,19.84521157,0.451935743,7.473
glove_100,ivf,5,IP,,,,8703.0,174.0,1000000.0,"[0.9376, 0.9376, 0.9376, 0.9376, 0.9376]","[1.0, 1.0, 1.0, 1.0, 1.0]",734.5688,1361.3428721720823,737,406.648,0.001291562,0.0,0.283431094,347.409683878,49.959,48.514962849,0.451420717,7.978
glove_100,ivf,5,IP,,,,8703.0,348.0,1000000.0,"[0.9634, 0.9634, 0.9634, 0.9634, 0.9634]","[1.0, 1.0, 1.0, 1.0, 1.0]",1398.5713999999998,715.0153363639497,493,443.823,0.001668229,0.0,0.461752395,374.161491524,53.869,52.22209396,0.51574945,14.4
glove_100,ivf,5,IP,,,,8703.0,870.0,1000000.0,"[0.9871, 0.9871, 0.9871, 0.9871, 0.9871]","[1.0, 1.0, 1.0, 1.0, 1.0]",3407.174,293.4983655076025,750,445.403,0.001763281,0.0,0.430740521,359.599634498,49.873,48.530944305,0.454295831,34.466
glove_100,ivf,5,IP,,,,8703.0,87.0,1000000.0,"[0.8997, 0.8997, 0.8997, 0.8997, 0.8997]","[1.0, 1.0, 1.0, 1.0, 1.0]",435.87940000000003,2294.212573477893,1004,425.419,0.001422916,0.0,0.502980365,355.452108666,63.422,61.764522222,0.551709254,4.971
last_fm,flat,1,IP,,,,,,,[1.0],[1.0],885.53724,1129.257985807576,194,45.312,0.000466458,0.0,0.027739427,0.0,0.201,0.082177765,0.054705501,45.05
last_fm,flat,3,IP,,,,,,,"[1.0, 1.0, 1.0]","[1.0, 1.0, 1.0]",601.2810400000001,1663.115803551697,178,31.493,2.4218e-05,0.0,0.031311146,0.0,0.205,0.088509788,0.050545532,31.22
last_fm,flat,5,IP,,,,,,,"[1.0, 1.0, 1.0, 1.0, 1.0]","[1.0, 1.0, 1.0, 1.0, 1.0]",562.03376,1779.2525488148613,203,29.638,2.2032e-05,0.0,0.032550834,0.0,0.201,0.089495835,0.04888977,29.375
last_fm,hnsw,1,IP,16.0,160.0,160.0,,,,[0.98316],[0.99986],55.76596,17932.086168695027,242,25.099,0.003383125,0.0,0.10761375,0.0,20.475,20.113676134,0.133734936,4.472
last_fm,hnsw,1,IP,16.0,160.0,32.0,,,,[0.89466],[0.9919],12.11068,82571.74659061259,212,24.437,4.177e-05,0.0,0.1101375,0.0,21.964,21.629220928,0.120529407,2.32
last_fm,hnsw,1,IP,16.0,160.0,80.0,,,,[0.9599],[0.99872],25.65768,38974.68516249325,197,24.912,4.7813e-05,0.0,0.109589271,0.0,22.519,22.137147232,0.137005114,2.248
last_fm,hnsw,1,IP,16.0,320.0,160.0,,,,[0.9857],[0.99996],118.46911999999999,8441.018216392593,220,53.467,4.0781e-05,0.0,0.097192396,0.0,45.64,45.161475612,0.161990298,7.691
last_fm,hnsw,1,IP,16.0,320.0,32.0,,,,[0.90568],[0.9969],15.5724,64216.17733939534,167,48.402,7.9844e-05,0.0,0.115744063,0.0,46.071,45.8040904,0.095564859,2.178
last_fm,hnsw,1,IP,16.0,320.0,80.0,,,,[0.96458],[0.99964],38.354839999999996,26072.328811696258,629,57.794,4.2604e-05,0.0,0.127701094,0.0,54.236,53.642395139,0.19679304,3.394
last_fm,hnsw,1,IP,16.0,80.0,160.0,,,,[0.97726],[0.99908],56.57432,17675.86424370633,179,20.313,5.8125e-05,0.0,0.099067709,0.0,15.106,14.619183483,0.188490344,5.073
last_fm,hnsw,1,IP,16.0,80.0,32.0,,,,[0.87154],[0.97758],12.15292,82284.75131902457,208,14.938,4.2396e-05,0.0,0.069207969,0.0,13.543,13.154318274,0.149585993,1.287
last_fm,hnsw,1,IP,16.0,80.0,80.0,,,,[0.94838],[0.99446],23.06732,43351.37328480292,217,16.236,4.7813e-05,0.0,0.087234218,0.0,14.0,13.383386712,0.142491792,2.117
last_fm,hnsw,3,IP,16.0,160.0,160.0,,,,"[0.98314, 0.98314, 0.98314]","[0.9998, 0.9998, 0.9997799999999999]",52.42512,19074.82519830188,233,25.459,7.2032e-05,0.0,0.131998073,0.0,21.033,20.570805142,0.171389805,4.26
last_fm,hnsw,3,IP,16.0,160.0,32.0,,,,"[0.89526, 0.89526, 0.89526]","[0.9923, 0.99197, 0.99166]",15.10884,66186.41801753145,220,24.653,4.4843e-05,0.0,0.106869688,0.0,22.63,22.281769323,0.118042129,1.874
last_fm,hnsw,3,IP,16.0,160.0,80.0,,,,"[0.95968, 0.95968, 0.95968]","[0.9986, 0.99852, 0.9984399999999999]",27.871080000000003,35879.485115036805,233,24.654,3.6718e-05,0.0,0.071448125,0.0,22.081,21.807149315,0.099644182,2.475
last_fm,hnsw,3,IP,16.0,320.0,160.0,,,,"[0.98564, 0.98564, 0.98564]","[0.99996, 0.99996, 0.9999533333333332]",75.77239999999999,13197.41752933786,111,54.063,5.8906e-05,0.0,0.135930156,0.0,47.866,47.450011701,0.146960518,6.022
last_fm,hnsw,3,IP,16.0,320.0,32.0,,,,"[0.90528, 0.90528, 0.90528]","[0.99674, 0.99654, 0.9963466666666668]",12.764,78345.34628643059,170,33.743,5.7656e-05,0.0,0.082944531,0.0,31.74,31.462033796,0.096859802,1.885
last_fm,hnsw,3,IP,16.0,320.0,80.0,,,,"[0.96454, 0.96454, 0.96454]","[0.99966, 0.99965, 0.9996333333333333]",26.29484,38030.27514143459,240,47.471,4.6198e-05,0.0,0.140462188,0.0,43.147,42.63542358,0.189355243,4.147
last_fm,hnsw,3,IP,16.0,80.0,160.0,,,,"[0.97744, 0.97744, 0.97744]","[0.99902, 0.99898, 0.9989266666666665]",52.3022,19119.6546225589,210,17.865,4.3386e-05,0.0,0.058150678,0.0,14.086,13.681934418,0.14472963,3.693
last_fm,hnsw,3,IP,16.0,80.0,32.0,,,,"[0.87322, 0.87322, 0.87322]","[0.97868, 0.97801, 0.9775]",12.18,82101.80623973727,244,16.378,5.6094e-05,0.0,0.106110052,0.0,13.868,13.464493693,0.151047518,2.371
last_fm,hnsw,3,IP,16.0,80.0,80.0,,,,"[0.94838, 0.94838, 0.94838]","[0.99476, 0.99453, 0.9943666666666668]",28.564919999999997,35007.97481666324,214,15.14,4.3594e-05,0.0,0.101012813,0.0,12.499,12.102778432,0.144254309,2.511
last_fm,hnsw,5,IP,16.0,160.0,160.0,,,,"[0.98318, 0.98318, 0.98318, 0.98318, 0.98318]","[0.99978, 0.99978, 0.9997533333333332, 0.999735, 0.9997240000000001]",54.68372,18286.97828165311,222,27.29,4.9323e-05,0.0,0.115658021,0.0,22.818,22.330919996,0.185137453,4.324
last_fm,hnsw,5,IP,16.0,160.0,32.0,,,,"[0.8947, 0.8947, 0.8947, 0.8947, 0.8947]","[0.99208, 0.99175, 0.99142, 0.99115, 0.9909040000000001]",14.69356,68057.02634351376,207,27.204,4.6198e-05,0.0,0.114905937,0.0,23.599,23.110000661,0.185652114,3.445
last_fm,hnsw,5,IP,16.0,160.0,80.0,,,,"[0.95982, 0.95982, 0.95982, 0.95982, 0.95982]","[0.99872, 0.99866, 0.9985933333333331, 0.99853, 0.9984600000000001]",34.566120000000005,28930.062153345527,223,27.864,5.8958e-05,0.0,0.110293906,0.0,23.404,22.980237746,0.120417026,4.323
last_fm,hnsw,5,IP,16.0,320.0,160.0,,,,"[0.98574, 0.98574, 0.98574, 0.98574, 0.98574]","[0.99998, 0.99998, 0.9999733333333333, 0.99997, 0.9999680000000001]",74.41632000000001,13437.912543915098,207,53.389,5.125e-05,0.0,0.15032,0.0,46.704,46.297987952,0.149781428,6.499
last_fm,hnsw,5,IP,16.0,320.0,32.0,,,,"[0.90544, 0.90544, 0.90544, 0.90544, 0.90544]","[0.99678, 0.99658, 0.9963733333333334, 0.9962, 0.9960439999999998]",17.62096,56750.59701628061,214,53.396,5.8334e-05,0.0,0.117341406,0.0,50.985,50.41874872,0.204098504,2.248
last_fm,hnsw,5,IP,16.0,320.0,80.0,,,,"[0.96476, 0.96476, 0.96476, 0.96476, 0.96476]","[0.99966, 0.99965, 0.9996333333333333, 0.99961, 0.99958]",18.000799999999998,55553.086529487584,187,28.606,2.2813e-05,0.0,0.082825364,0.0,26.562,26.234450006,0.110347715,1.939
last_fm,hnsw,5,IP,16.0,80.0,160.0,,,,"[0.97748, 0.97748, 0.97748, 0.97748, 0.97748]","[0.99886, 0.99879, 0.9987466666666667, 0.99871, 0.9986839999999999]",49.27244,20295.32127899491,213,17.963,5.4375e-05,0.0,0.113447761,0.0,13.68,13.316278898,0.131065685,4.137
last_fm,hnsw,5,IP,16.0,80.0,80.0,,,,"[0.94978, 0.94978, 0.94978, 0.94978, 0.94978]","[0.99526, 0.99503, 0.9948866666666667, 0.994765, 0.994648]",19.45388,51403.62745118197,223,13.307,5.526e-05,0.0,0.045338854,0.0,11.402,11.093839371,0.11137218,1.835
last_fm,ivf,1,IP,,,,2163.0,216.0,292385.0,[0.99702],[1.0],174.27328,5738.114299564454,206,30.619,0.003764792,0.0,0.110086302,16.89406114,2.472,2.193348487,0.091948603,10.494
last_fm,ivf,1,IP,,,,2163.0,22.0,292385.0,[0.88076],[1.0],11.437,87435.51630672379,217,22.239,0.000425989,0.0,0.07512375,17.339590774,2.439,2.182200688,0.098433995,1.733
last_fm,ivf,1,IP,,,,2163.0,43.0,292385.0,[0.95476],[1.0],19.93312,50167.76099275979,221,20.346,0.000382969,0.0,0.037789688,15.431012234,2.393,2.132429475,0.088575835,1.819
last_fm,ivf,1,IP,,,,2163.0,87.0,292385.0,[0.98628],[1.0],49.6492,20141.311441070553,215,22.312,0.000379167,0.0,0.0753025,14.99672838,2.396,2.146108179,0.099011419,4.183
last_fm,ivf,1,IP,,,,4326.0,173.0,292385.0,[0.99548],[1.0],84.98392,11766.931909001138,193,41.254,0.000885469,0.0,0.048818958,30.364730092,3.93,3.711515098,0.071444975,6.229
last_fm,ivf,1,IP,,,,4326.0,433.0,292385.0,[0.99914],[1.0],276.66308000000004,3614.5046892415135,157,51.492,0.000726354,0.0,0.070287448,31.240350874,3.915,3.612202652,0.099691995,15.603
last_fm,ivf,1,IP,,,,4326.0,43.0,292385.0,[0.94766],[1.0],19.21132,52052.643961997404,213,39.139,0.000784063,0.0,0.050919375,31.305104884,4.996,4.619650627,0.12490526,2.111
last_fm,ivf,1,IP,,,,4326.0,87.0,292385.0,[0.98364],[1.0],43.11728,23192.55760103606,179,42.452,0.00085375,0.0,0.089996562,33.449171029,4.202,3.928983379,0.094911474,4.011
last_fm,ivf,1,IP,,,,541.0,11.0,292385.0,[0.66866],[1.0],12.261040000000001,81559.14995791548,195,5.258,0.000139375,0.0,0.074422187,1.743308333,1.131,0.850842864,0.113418224,1.623
last_fm,ivf,1,IP,,,,541.0,22.0,292385.0,[0.85378],[1.0],20.84404,47975.34451094893,194,4.491,0.000283334,0.0,0.069170781,1.395949374,0.724,0.460026098,0.109988298,1.651
last_fm,ivf,1,IP,,,,541.0,54.0,292385.0,[0.96754],[1.0],62.19796,16077.697725134394,197,6.639,0.00010698,0.0,0.04803875,1.32868552,0.519,0.351865829,0.069740427,4.087
last_fm,ivf,1,IP,,,,541.0,5.0,292385.0,[0.47812],[1.0],4.999560000000001,200017.60154893628,181,3.803,0.000133438,0.0,0.054759219,1.422381301,0.833,0.550375619,0.115549645,0.826
last_fm,ivf,1,IP,,,,8652.0,173.0,292385.0,[0.99552],[1.0],60.99932,16393.62537156152,262,71.666,0.001448177,0.0,0.080234583,58.702357633,7.496,7.224225984,0.08170469,4.726
last_fm,ivf,1,IP,,,,8652.0,346.0,292385.0,[0.9988],[1.0],146.93624,6805.672991223949,210,83.652,0.001432188,0.0,0.097588854,65.0269156,8.307,8.071067035,0.080728013,9.549
last_fm,ivf,1,IP,,,,8652.0,865.0,292385.0,[0.99964],[1.0],441.51788,2264.913937347226,155,101.006,0.001656719,0.0,0.0769075,69.068104922,7.527,7.270684319,0.079357453,23.692
last_fm,ivf,1,IP,,,,8652.0,87.0,292385.0,[0.9842],[1.0],51.91688,19261.558090547816,183,94.123,0.001470469,0.0,0.068804792,79.929229969,8.823,8.256763067,0.339615204,4.613
last_fm,ivf,3,IP,,,,2163.0,216.0,292385.0,"[0.99702, 0.99702, 0.99702]","[1.0, 1.0, 1.0]",210.159,4758.302047497371,223,31.706,0.001506667,0.0,0.093149531,15.884120932,2.568,2.263823016,0.101835252,12.506
last_fm,ivf,3,IP,,,,2163.0,22.0,292385.0,"[0.88076, 0.88076, 0.88076]","[1.0, 1.0, 1.0]",28.19872,35462.60255784659,277,25.067,0.000156406,0.0,0.071513177,18.167389264,3.002,2.706667763,0.107273974,3.121
last_fm,ivf,3,IP,,,,2163.0,43.0,292385.0,"[0.95476, 0.95476, 0.95476]","[1.0, 1.0, 1.0]",32.34056,30920.924065631516,528,39.637,0.000423385,0.0,0.05183724,28.032567385,2.754,2.41039083,0.118938506,3.823
last_fm,ivf,3,IP,,,,2163.0,87.0,292385.0,"[0.98628, 0.98628, 0.98628]","[1.0, 1.0, 1.0]",69.48912,14390.742032709582,159,29.552,0.000326198,0.0,0.097232344,20.119142075,2.451,2.138051456,0.097590628,6.213
last_fm,ivf,3,IP,,,,4326.0,173.0,292385.0,"[0.99548, 0.99548, 0.99548]","[1.0, 1.0, 1.0]",106.80080000000001,9363.225743627389,172,53.714,0.000674635,0.0,0.072782136,40.667065974,4.257,3.996774327,0.097002827,8.067
last_fm,ivf,3,IP,,,,4326.0,433.0,292385.0,"[0.99914, 0.99914, 0.99914]","[1.0, 1.0, 1.0]",311.26279999999997,3212.7192841547403,195,58.054,0.000675156,0.0,0.056294635,35.956395091,3.782,3.63200449,0.060481697,17.607
last_fm,ivf,3,IP,,,,4326.0,43.0,292385.0,"[0.94766, 0.94766, 0.94766]","[1.0, 1.0, 1.0]",25.10832,39827.435686656856,226,47.296,0.000710885,0.0,0.095841927,39.07618285,4.394,4.110278646,0.097143679,3.04
last_fm,ivf,3,IP,,,,4326.0,87.0,292385.0,"[0.98364, 0.98364, 0.98364]","[1.0, 1.0, 1.0]",52.35388,19100.78106913948,239,48.84,0.000812812,0.0,0.050198698,40.028905975,4.181,3.923180671,0.081589629,3.926
last_fm,ivf,3,IP,,,,541.0,11.0,292385.0,"[0.66866, 0.66866, 0.66866]","[1.0, 1.0, 1.0]",16.41432,60922.414087211655,205,5.066,0.000156771,0.0,0.038891094,1.932306509,0.857,0.728812756,0.050051442,1.55
last_fm,ivf,3,IP,,,,541.0,22.0,292385.0,"[0.85378, 0.85378, 0.85378]","[1.0, 1.0, 1.0]",21.291520000000002,46967.05542864013,215,4.536,0.000173646,0.0,0.038776094,1.406054791,0.601,0.465782397,0.053049515,1.801
last_fm,ivf,3,IP,,,,541.0,54.0,292385.0,"[0.96754, 0.96754, 0.96754]","[1.0, 1.0, 1.0]",58.377720000000004,17129.82281596472,226,6.477,0.000138593,0.0,0.038766822,1.27062203,0.495,0.333431141,0.066284306,4.014
last_fm,ivf,3,IP,,,,541.0,5.0,292385.0,"[0.47812, 0.47812, 0.47812]","[1.0, 0.99997, 0.9999133333333334]",6.10052,163920.45268272213,244,6.863,8.1354e-05,0.0,0.053951875,2.983635312,0.968,0.745788136,0.081600726,1.292
last_fm,ivf,3,IP,,,,8652.0,173.0,292385.0,"[0.99552, 0.99552, 0.99552]","[1.0, 1.0, 1.0]",70.20567999999999,14243.861750217362,213,65.691,0.001620781,0.0,0.049755156,53.675443886,6.124,5.940531559,0.062041491,5.202
last_fm,ivf,3,IP,,,,8652.0,346.0,292385.0,"[0.9988, 0.9988, 0.9988]","[1.0, 1.0, 1.0]",183.96584,5435.791775255667,713,93.396,0.001654948,0.0,0.074220261,68.031783047,13.2,12.847647449,0.123734591,11.417
last_fm,ivf,3,IP,,,,8652.0,865.0,292385.0,"[0.99964, 0.99964, 0.99964]","[1.0, 1.0, 1.0]",454.28012,2201.2849692828295,264,108.773,0.001372187,0.0,0.065011042,75.018808878,8.224,7.996930418,0.076088536,24.819
last_fm,ivf,3,IP,,,,8652.0,87.0,292385.0,"[0.9842, 0.9842, 0.9842]","[1.0, 1.0, 1.0]",47.9018,20876.04223640865,206,88.908,0.001527656,0.0,0.107951458,76.676893408,7.437,7.161370423,0.082747641,3.991
last_fm,ivf,5,IP,,,,2163.0,216.0,292385.0,"[0.99702, 0.99702, 0.99702, 0.99702, 0.99702]","[1.0, 1.0, 1.0, 1.0, 1.0]",206.07636,4852.5701832078175,220,32.553,0.000511093,0.0,0.052220782,17.039638743,2.536,2.272020783,0.084629375,12.186
last_fm,ivf,5,IP,,,,2163.0,22.0,292385.0,"[0.88076, 0.88076, 0.88076, 0.88076, 0.88076]","[1.0, 1.0, 1.0, 1.0, 1.0]",11.547360000000001,86599.88083856396,220,21.517,0.000408959,0.0,0.090390678,16.766312129,2.468,2.205647925,0.089259821,1.515
last_fm,ivf,5,IP,,,,2163.0,43.0,292385.0,"[0.95476, 0.95476, 0.95476, 0.95476, 0.95476]","[1.0, 1.0, 1.0, 1.0, 1.0]",24.81708,40294.82920633692,248,20.399,0.000470208,0.0,0.061852761,14.849621088,2.503,2.23398818,0.106100347,2.32
last_fm,ivf,5,IP,,,,2163.0,87.0,292385.0,"[0.98628, 0.98628, 0.98628, 0.98628, 0.98628]","[1.0, 1.0, 1.0, 1.0, 1.0]",48.841680000000004,20474.316198787594,207,23.07,0.000465469,0.0,0.087899999,15.226943328,2.582,2.382249739,0.077344227,4.539
last_fm,ivf,5,IP,,,,4326.0,173.0,292385.0,"[0.99548, 0.99548, 0.99548, 0.99548, 0.99548]","[1.0, 1.0, 1.0, 1.0, 1.0]",81.60347999999999,12254.379347547434,208,41.207,0.000668906,0.0,0.106685885,30.473415353,3.824,3.515161671,0.095998196,6.109
last_fm,ivf,5,IP,,,,4326.0,433.0,292385.0,"[0.99914, 0.99914, 0.99914, 0.99914, 0.99914]","[1.0, 1.0, 1.0, 1.0, 1.0]",273.44392,3657.056993624141,192,52.546,0.000714792,0.0,0.067005677,31.665755613,4.145,3.920063703,0.083415526,16.019
last_fm,ivf,5,IP,,,,4326.0,43.0,292385.0,"[0.94766, 0.94766, 0.94766, 0.94766, 0.94766]","[1.0, 1.0, 1.0, 1.0, 1.0]",17.3682,57576.49036745316,178,37.829,0.000792292,0.0,0.106028125,31.003419363,3.815,3.506313963,0.096965687,2.258
last_fm,ivf,5,IP,,,,4326.0,87.0,292385.0,"[0.98364, 0.98364, 0.98364, 0.98364, 0.98364]","[1.0, 1.0, 1.0, 1.0, 1.0]",39.97728,25014.208070183864,216,42.7,0.000828698,0.0,0.10295599,33.493189466,4.181,3.91177875,0.086544704,4.24
last_fm,ivf,5,IP,,,,541.0,11.0,292385.0,"[0.66866, 0.66866, 0.66866, 0.66866, 0.66866]","[1.0, 1.0, 1.0, 1.0, 1.0]",11.91216,83947.83145961774,257,5.762,0.000140469,0.0,0.047172552,1.991728176,0.971,0.614896139,0.146448434,2.072
last_fm,ivf,5,IP,,,,541.0,22.0,292385.0,"[0.85378, 0.85378, 0.85378, 0.85378, 0.85378]","[1.0, 1.0, 1.0, 1.0, 1.0]",20.69724,48315.620826738246,204,4.788,0.00010099,0.0,0.074329062,1.314459843,0.734,0.466621299,0.109652989,2.021
last_fm,ivf,5,IP,,,,541.0,54.0,292385.0,"[0.96754, 0.96754, 0.96754, 0.96754, 0.96754]","[1.0, 1.0, 1.0, 1.0, 1.0]",56.4688,17708.894114980307,211,6.509,0.000141302,0.0,0.048321928,1.262591927,0.518,0.33747609,0.073334845,4.031
last_fm,ivf,5,IP,,,,541.0,5.0,292385.0,"[0.47812, 0.47812, 0.47812, 0.47812, 0.47812]","[1.0, 0.99997, 0.9999133333333334, 0.99987, 0.9998199999999998]",5.6628,176591.08568199477,209,3.657,0.000117448,0.0,0.047228177,1.258362812,0.521,0.335698636,0.074632441,1.186
last_fm,ivf,5,IP,,,,8652.0,173.0,292385.0,"[0.99552, 0.99552, 0.99552, 0.99552, 0.99552]","[1.0, 1.0, 1.0, 1.0, 1.0]",62.97176,15880.134206190203,190,67.526,0.001468333,0.0,0.072655156,54.940179354,7.255,6.945490103,0.094027841,4.566
last_fm,ivf,5,IP,,,,8652.0,346.0,292385.0,"[0.9988, 0.9988, 0.9988, 0.9988, 0.9988]","[1.0, 1.0, 1.0, 1.0, 1.0]",144.71248,6910.254043051435,210,78.289,0.001419739,0.0,0.058948333,60.19164956,7.781,7.581026042,0.066689259,9.581
last_fm,ivf,5,IP,,,,8652.0,865.0,292385.0,"[0.99964, 0.99964, 0.99964, 0.99964, 0.99964]","[1.0, 1.0, 1.0, 1.0, 1.0]",443.94748,2252.518698833475,283,97.654,0.001776979,0.0,0.122416719,64.745774454,7.379,7.044859787,0.09498046,24.732
last_fm,ivf,5,IP,,,,8652.0,87.0,292385.0,"[0.9842, 0.9842, 0.9842, 0.9842, 0.9842]","[1.0, 1.0, 1.0, 1.0, 1.0]",39.468599999999995,25336.596686986617,209,86.31,0.001920104,0.0,0.071822709,73.951990389,7.517,7.264201349,0.081208886,4.034
ny_times,flat,1,IP,,,,,,,[0.905],[0.9991],3108.3687999999997,321.71214689839894,752,31.801,0.002425885,0.0,0.120839218,0.0,0.448,0.28941349,0.062039103,31.195
ny_times,flat,3,IP,,,,,,,"[0.9046, 0.9555, 0.9727]","[0.9991, 0.9991, 0.9991]",1545.0822,647.2147566000049,770,16.437,1.9531e-05,0.0,0.147155625,0.0,0.418,0.261852138,0.063099667,15.842
ny_times,flat,5,IP,,,,,,,"[0.9059, 0.9578, 0.9744, 0.9818, 0.9869]","[0.9991, 0.9991, 0.9991, 0.9991, 0.9991]",1769.9694,564.9815188895357,719,23.271,7.136e-06,0.0,0.13396724,0.0,0.411,0.263150156,0.061662243,22.709
ny_times,hnsw,1,IP,16.0,160.0,160.0,,,,[0.8453],[0.9988],612.9032,1631.579016066485,933,301.384,0.003265313,0.0,0.297457187,0.0,294.315,293.494638226,0.227791794,6.733
ny_times,hnsw,1,IP,16.0,160.0,32.0,,,,[0.7521],[0.9904],193.78820000000002,5160.272916514008,604,324.231,5.8594e-05,0.0,0.296723177,0.0,321.282,320.435246802,0.248050574,2.617
ny_times,hnsw,1,IP,16.0,160.0,80.0,,,,[0.8184],[0.9985],379.9164,2632.15802213329,591,316.602,5.802e-05,0.0,0.492618021,0.0,311.243,310.213059774,0.232747674,4.831
ny_times,hnsw,1,IP,16.0,320.0,160.0,,,,[0.853],[0.9988],888.4554,1125.5489020608125,603,587.774,3.901e-05,0.0,0.586922031,0.0,577.335,576.209789784,0.2418943,9.807
ny_times,hnsw,1,IP,16.0,320.0,32.0,,,,[0.7681],[0.9937],214.1198,4670.282710893622,583,576.874,5.5e-05,0.0,0.41503,0.0,573.819,572.718582278,0.325312748,2.603
ny_times,hnsw,1,IP,16.0,320.0,80.0,,,,[0.8262],[0.9987],365.0242,2739.54439185128,524,584.715,3.5469e-05,0.0,0.646143385,0.0,579.463,578.613346382,0.263370758,4.567
ny_times,hnsw,1,IP,16.0,80.0,160.0,,,,[0.8232],[0.9986],519.3574,1925.4563427805206,578,153.525,4.4219e-05,0.0,0.449514427,0.0,146.797,145.847126042,0.277282188,6.233
ny_times,hnsw,1,IP,16.0,80.0,32.0,,,,[0.7045],[0.9738],118.8538,8413.698173722674,581,144.639,3.9844e-05,0.0,0.658596562,0.0,141.903,141.017199686,0.242780401,2.012
ny_times,hnsw,1,IP,16.0,80.0,80.0,,,,[0.7808],[0.9979],233.5264,4282.171095002535,613,146.559,3.7708e-05,0.0,0.676677031,0.0,142.52,141.662056512,0.285526941,3.326
ny_times,hnsw,3,IP,16.0,160.0,160.0,,,,"[0.8449, 0.8928, 0.911]","[0.9989, 0.9988, 0.9987333333333333]",600.5255999999999,1665.2079445072784,537,321.651,4.9948e-05,0.0,0.683065312,0.0,314.027,313.24164702,0.230225597,6.902
ny_times,hnsw,3,IP,16.0,160.0,32.0,,,,"[0.7503, 0.7953, 0.8127]","[0.991, 0.9868, 0.9828666666666668]",153.39860000000002,6518.964319100695,513,344.012,5.2239e-05,0.0,0.742829531,0.0,340.892,339.715997379,0.5450268,2.339
ny_times,hnsw,3,IP,16.0,160.0,80.0,,,,"[0.8175, 0.8652, 0.8838]","[0.9988, 0.99835, 0.9980333333333334]",298.846,3346.2050688314384,491,326.218,0.001834375,0.0,0.623364843,0.0,321.637,320.754415235,0.270275669,3.903
ny_times,hnsw,3,IP,16.0,320.0,160.0,,,,"[0.8554, 0.905, 0.9233]","[0.9988, 0.99875, 0.9986999999999998]",620.4731999999999,1611.6731552627898,570,579.176,4.7917e-05,0.0,1.202952656,0.0,570.789,569.951144106,0.250655655,7.153
ny_times,hnsw,3,IP,16.0,320.0,32.0,,,,"[0.7691, 0.8147, 0.8323]","[0.9939, 0.99175, 0.989]",238.978,4184.485601185046,492,571.86,4.4635e-05,0.0,0.811181197,0.0,567.516,566.735427542,0.220595715,3.435
ny_times,hnsw,3,IP,16.0,320.0,80.0,,,,"[0.8274, 0.8748, 0.8925]","[0.9987, 0.9986, 0.9984]",358.68440000000004,2787.9662455350717,437,577.801,5.1093e-05,0.0,0.986562656,0.0,572.344,571.272145922,0.419911478,4.42
ny_times,hnsw,3,IP,16.0,80.0,160.0,,,,"[0.8238, 0.8709, 0.8887]","[0.999, 0.99885, 0.9986999999999998]",629.2754,1589.1293382833653,588,153.999,5.5989e-05,0.0,0.72715349,0.0,145.831,144.804226878,0.370768065,7.401
ny_times,hnsw,3,IP,16.0,80.0,32.0,,,,"[0.7023, 0.7451, 0.7619]","[0.9758, 0.9673, 0.9601333333333332]",157.8044,6336.958918762722,604,150.309,5.5677e-05,0.0,0.761128438,0.0,146.829,145.63461792,0.611975089,2.669
ny_times,hnsw,3,IP,16.0,80.0,80.0,,,,"[0.7822, 0.8284, 0.8457]","[0.9971, 0.9962, 0.9954666666666664]",104.7686,9544.844543116926,489,52.072,2.1771e-05,0.0,0.244734583,0.0,50.492,50.060458686,0.152372892,1.311
ny_times,hnsw,5,IP,16.0,160.0,160.0,,,,"[0.8445, 0.8934, 0.9098, 0.9194, 0.9241]","[0.9989, 0.9988, 0.9987333333333333, 0.9987, 0.9986799999999999]",567.7192,1761.434173795778,890,324.851,0.000811614,0.0,0.288325052,0.0,316.88,315.856789621,0.26783509,7.455
ny_times,hnsw,5,IP,16.0,160.0,32.0,,,,"[0.7534, 0.7983, 0.8143, 0.8235, 0.8278]","[0.9905, 0.9867, 0.9825000000000002, 0.97825, 0.9739200000000005]",116.06660000000001,8615.743030294676,475,317.274,3.8906e-05,0.0,0.354624323,0.0,314.934,313.933338214,0.239060938,1.947
ny_times,hnsw,5,IP,16.0,160.0,80.0,,,,"[0.8169, 0.8654, 0.882, 0.8911, 0.8961]","[0.9983, 0.9981, 0.9978666666666668, 0.99765, 0.99746]",296.0576,3377.7210921118053,598,329.917,5.5156e-05,0.0,0.323906563,0.0,325.183,324.052564762,0.237454237,4.35
ny_times,hnsw,5,IP,16.0,320.0,160.0,,,,"[0.8532, 0.9032, 0.92, 0.9286, 0.9337]","[0.9988, 0.99875, 0.9986999999999998, 0.998675, 0.99866]",546.259,1830.6334540941202,870,591.821,3.9375e-05,0.0,0.327972343,0.0,585.286,583.931334677,0.295851723,6.145
ny_times,hnsw,5,IP,16.0,320.0,32.0,,,,"[0.7685, 0.8141, 0.8299, 0.8374, 0.8422]","[0.9939, 0.99105, 0.9877666666666668, 0.984525, 0.9810600000000006]",157.49820000000003,6349.278912393919,591,566.633,4.1875e-05,0.0,0.294900989,0.0,564.207,563.005218126,0.290447651,2.07
ny_times,hnsw,5,IP,16.0,320.0,80.0,,,,"[0.8274, 0.8757, 0.892, 0.8994, 0.9046]","[0.9988, 0.99865, 0.9985333333333332, 0.9984, 0.99818]",301.81440000000003,3313.294528027821,519,574.581,3.3333e-05,0.0,0.257418489,0.0,570.157,568.892802026,0.222054972,4.124
ny_times,hnsw,5,IP,16.0,80.0,160.0,,,,"[0.8232, 0.8717, 0.8876, 0.8961, 0.9008]","[0.9988, 0.99875, 0.9986333333333334, 0.998575, 0.9985199999999999]",490.8258,2037.382712970671,555,150.462,3.7187e-05,0.0,0.355155156,0.0,143.873,142.868111247,0.239128491,6.175
ny_times,hnsw,5,IP,16.0,80.0,32.0,,,,"[0.7079, 0.7506, 0.7651, 0.7736, 0.7779]","[0.9785, 0.9707, 0.9631333333333325, 0.955875, 0.9484399999999994]",98.5172,10150.511788804391,560,145.051,3.6093e-05,0.0,0.24587875,0.0,143.13,141.875318228,0.280179086,1.636
ny_times,hnsw,5,IP,16.0,80.0,80.0,,,,"[0.7818, 0.8293, 0.8455, 0.8537, 0.859]","[0.9976, 0.99685, 0.9961000000000002, 0.995125, 0.99398]",248.0326,4031.7280873562586,557,146.048,3.5104e-05,0.0,0.256137969,0.0,142.315,141.042955878,0.209819237,3.443
ny_times,ivf,1,IP,,,,2154.0,215.0,290000.0,[0.859],[0.9991],1879.8756,531.9500928678472,576,75.684,0.000535365,0.0,0.311498697,50.075474044,5.26,4.711181196,0.178791716,19.235
ny_times,ivf,1,IP,,,,2154.0,22.0,290000.0,[0.788],[0.9991],225.8116,4428.470459444953,533,58.768,0.000373229,0.0,0.277782031,48.10169894,6.948,6.464516826,0.149886425,2.669
ny_times,ivf,1,IP,,,,2154.0,43.0,290000.0,[0.8093],[0.9991],381.45459999999997,2621.543953068072,554,59.129,0.000348958,0.0,0.244932239,46.80599217,7.063,6.367036619,0.207971707,4.296
ny_times,ivf,1,IP,,,,2154.0,86.0,290000.0,[0.8321],[0.9991],715.126,1398.3549752071663,487,64.056,0.000447448,0.0,0.294904532,49.662982324,5.793,5.254679016,0.173346501,7.524
ny_times,ivf,1,IP,,,,4308.0,172.0,290000.0,[0.8508],[0.9991],845.0956,1183.2980789392348,474,117.72,0.000754063,0.0,0.408934688,97.5627934,10.169,9.629399266,0.159835236,8.853
ny_times,ivf,1,IP,,,,4308.0,431.0,290000.0,[0.8717],[0.9991],1923.7613999999999,519.8149832926266,536,131.437,7.6823e-05,0.0,0.390583802,97.82437189,12.848,12.200162386,0.197493429,19.621
ny_times,ivf,1,IP,,,,4308.0,43.0,290000.0,[0.8148],[0.9991],276.6804,3614.278423769808,509,104.966,0.000980312,0.0,0.314822447,86.462094498,14.314,13.639373273,0.201456911,3.161
ny_times,ivf,1,IP,,,,4308.0,86.0,290000.0,[0.8332],[0.9991],462.8356,2160.59438815856,837,110.519,0.000878177,0.0,0.560812083,91.156437465,12.938,12.24452734,0.212205963,5.117
ny_times,ivf,1,IP,,,,539.0,11.0,290000.0,[0.7513],[0.9991],274.7214,3640.051339284089,549,13.642,0.000345416,0.0,0.363377396,7.13075807,2.264,1.841550303,0.133483937,3.152
ny_times,ivf,1,IP,,,,539.0,22.0,290000.0,[0.785],[0.9991],491.30240000000003,2035.4062996639136,607,13.498,0.000165625,0.0,0.311232187,4.485926092,2.703,2.396016138,0.097263327,5.284
ny_times,ivf,1,IP,,,,539.0,54.0,290000.0,[0.8288],[0.9991],1087.368,919.6518565931681,586,17.174,0.000139948,0.0,0.211145521,3.673577864,1.339,1.058184322,0.089344809,11.247
ny_times,ivf,1,IP,,,,539.0,5.0,290000.0,[0.7104],[0.9988],103.86139999999999,9628.216064871069,694,9.018,0.000122188,0.0,0.337719583,4.5768838,1.974,1.678715989,0.09143844,1.441
ny_times,ivf,1,IP,,,,8616.0,172.0,290000.0,[0.8477],[0.9991],653.3376,1530.602249128169,425,215.58,0.001287239,0.0,0.682954687,182.665522118,24.528,23.985293218,0.161606,7.0
ny_times,ivf,1,IP,,,,8616.0,345.0,290000.0,[0.8624],[0.9991],1078.5666,927.1564685945216,424,248.077,0.001615833,0.0,1.157417343,208.193745962,26.582,25.881765351,0.20276545,11.26
ny_times,ivf,1,IP,,,,8616.0,862.0,290000.0,[0.8813],[0.9991],871.3911999999999,1147.5901982944056,536,135.994,0.000919895,0.0,0.276988646,113.134705582,12.036,11.67070833,0.109336114,8.935
ny_times,ivf,1,IP,,,,8616.0,86.0,290000.0,[0.833],[0.9991],355.6372,2811.8543279499445,488,231.229,0.00127625,0.0,1.19507802,196.250631019,28.865,28.118111966,0.221923569,4.14
ny_times,ivf,3,IP,,,,2154.0,215.0,290000.0,"[0.8594, 0.9085, 0.9255]","[0.9991, 0.9991, 0.9991]",1909.5996,523.6699882006678,576,88.222,0.000211719,0.0,0.329328073,58.619704508,8.393,7.66854417,0.217524656,19.933
ny_times,ivf,3,IP,,,,2154.0,22.0,290000.0,"[0.7884, 0.8348, 0.8515]","[0.9991, 0.9991, 0.9991]",239.20479999999998,4180.518116693311,480,63.882,0.000318594,0.0,0.385160104,52.347721594,7.312,6.584382023,0.218542732,3.008
ny_times,ivf,3,IP,,,,2154.0,43.0,290000.0,"[0.8099, 0.8572, 0.874]","[0.9991, 0.9991, 0.9991]",481.47459999999995,2076.9527613710047,535,61.362,0.000434323,0.0,0.257315886,48.207778419,6.488,6.021933385,0.145177716,5.594
ny_times,ivf,3,IP,,,,2154.0,86.0,290000.0,"[0.8325, 0.8807, 0.8976]","[0.9991, 0.9991, 0.9991]",774.3216,1291.4530603304881,565,63.593,0.000300625,0.0,0.287279427,47.311266388,6.995,6.375574898,0.196393793,8.301
ny_times,ivf,3,IP,,,,4308.0,172.0,290000.0,"[0.8505, 0.9, 0.917]","[0.9991, 0.9991, 0.9991]",872.8496,1145.672748203127,538,122.728,0.000804375,0.0,0.223741094,101.141645951,11.414,10.79937369,0.188195252,9.238
ny_times,ivf,3,IP,,,,4308.0,431.0,290000.0,"[0.8721, 0.922, 0.9391]","[0.9991, 0.9991, 0.9991]",1956.036,511.23803447380317,794,180.012,0.000301511,0.0,0.411448125,137.278160312,21.585,20.688768589,0.28409288,19.98
ny_times,ivf,3,IP,,,,4308.0,43.0,290000.0,"[0.8145, 0.8624, 0.8793]","[0.9991, 0.9991, 0.9991]",256.57460000000003,3897.5019351097108,570,111.634,0.000647395,0.0,0.320760313,92.256046683,15.152,14.393544895,0.23725263,3.199
ny_times,ivf,3,IP,,,,4308.0,86.0,290000.0,"[0.8331, 0.8817, 0.8986]","[0.9991, 0.9991, 0.9991]",463.30859999999996,2158.388598873408,536,123.401,0.000742813,0.0,0.305305,106.074762616,11.141,10.604353947,0.166033548,5.067
ny_times,ivf,3,IP,,,,539.0,11.0,290000.0,"[0.7521, 0.7967, 0.813]","[0.9991, 0.9991, 0.9991]",267.2106,3742.36650791548,505,11.735,0.000185313,0.0,0.2056675,5.582377863,2.065,1.627146767,0.143388622,3.146
ny_times,ivf,3,IP,,,,539.0,22.0,290000.0,"[0.786, 0.8319, 0.8483]","[0.9991, 0.9991, 0.9991]",500.1304,1999.4785359978116,529,13.073,0.000155625,0.0,0.130900312,5.118477446,1.733,1.510444321,0.072583627,5.358
ny_times,ivf,3,IP,,,,539.0,54.0,290000.0,"[0.8289, 0.8772, 0.8939]","[0.9991, 0.9991, 0.9991]",1084.8712,921.7684090056036,624,18.053,0.000341875,0.0,0.220545364,4.254701248,1.585,1.317884635,0.089669443,11.269
ny_times,ivf,3,IP,,,,539.0,5.0,290000.0,"[0.7102, 0.7538, 0.7701]","[0.9988, 0.9984, 0.9976666666666666]",73.4778,13609.552817313528,614,8.377,0.000145938,0.0,0.193755052,4.574756613,1.924,1.55963854,0.121965452,0.975
ny_times,ivf,3,IP,,,,8616.0,172.0,290000.0,"[0.8475, 0.8968, 0.914]","[0.9991, 0.9991, 0.9991]",564.7876,1770.577116069829,413,214.063,0.001215,0.0,0.43476427,182.014043264,24.68,24.017667336,0.192752116,6.186
ny_times,ivf,3,IP,,,,8616.0,345.0,290000.0,"[0.8623, 0.9122, 0.9294]","[0.9991, 0.9991, 0.9991]",1029.842,971.0227394105115,372,228.918,0.002083333,0.0,0.342688958,191.799714198,25.306,24.717700305,0.170050767,10.699
ny_times,ivf,3,IP,,,,8616.0,862.0,290000.0,"[0.8811, 0.9314, 0.9486]","[0.9991, 0.9991, 0.9991]",2547.4417999999996,392.55067574065873,651,252.224,0.001294739,0.0,0.339376875,199.857029559,25.379,24.742418117,0.184384422,25.881
ny_times,ivf,3,IP,,,,8616.0,86.0,290000.0,"[0.8331, 0.8813, 0.8985]","[0.9991, 0.9991, 0.9991]",302.1108,3310.043864701295,393,261.057,0.001374219,0.0,0.401235781,229.018287725,27.355,26.619415668,0.222396936,3.454
ny_times,ivf,5,IP,,,,2154.0,215.0,290000.0,"[0.8606, 0.9107, 0.9272, 0.9346, 0.9396]","[0.9991, 0.9991, 0.9991, 0.9991, 0.9991]",1747.6126000000002,572.2091955619912,573,78.923,0.000244166,0.0,0.357131094,53.248659198,6.667,6.050430563,0.202460719,17.894
ny_times,ivf,5,IP,,,,2154.0,22.0,290000.0,"[0.7894, 0.8365, 0.8527, 0.8601, 0.865]","[0.9991, 0.9991, 0.9991, 0.9991, 0.9991]",199.3614,5016.016139533531,585,59.2,0.000473646,0.0,0.495977812,48.743679044,6.434,5.861454214,0.1829407,2.681
ny_times,ivf,5,IP,,,,2154.0,43.0,290000.0,"[0.8109, 0.859, 0.8753, 0.8827, 0.8876]","[0.9991, 0.9991, 0.9991, 0.9991, 0.9991]",429.00620000000004,2330.968643343616,562,57.502,0.000334323,0.0,0.301968646,44.669932483,6.872,6.17670718,0.224625368,4.942
ny_times,ivf,5,IP,,,,2154.0,86.0,290000.0,"[0.8336, 0.8826, 0.899, 0.9064, 0.9114]","[0.9991, 0.9991, 0.9991, 0.9991, 0.9991]",773.724,1292.4505379179138,486,62.433,0.000411406,0.0,0.690026458,46.120128316,6.495,6.001551455,0.159626145,8.4
ny_times,ivf,5,IP,,,,4308.0,172.0,290000.0,"[0.8515, 0.9019, 0.9184, 0.9258, 0.9308]","[0.9991, 0.9991, 0.9991, 0.9991, 0.9991]",866.638,1153.8843207890723,553,119.567,0.000692657,0.0,0.477996094,96.297452359,12.771,12.175509381,0.182475864,9.288
ny_times,ivf,5,IP,,,,4308.0,431.0,290000.0,"[0.8734, 0.9242, 0.9408, 0.9482, 0.9532]","[0.9991, 0.9991, 0.9991, 0.9991, 0.9991]",1902.0792,525.7404633834385,481,128.571,0.000880468,0.0,0.595233802,95.040743818,12.635,12.078435256,0.169547864,19.569
ny_times,ivf,5,IP,,,,4308.0,43.0,290000.0,"[0.8155, 0.8643, 0.8807, 0.8881, 0.893]","[0.9991, 0.9991, 0.9991, 0.9991, 0.9991]",246.62439999999998,4054.7488407473065,519,122.495,0.000932709,0.0,0.45835302,106.669885063,11.53,10.901359321,0.197376896,3.05
ny_times,ivf,5,IP,,,,4308.0,86.0,290000.0,"[0.8341, 0.8836, 0.9, 0.9074, 0.9123]","[0.9991, 0.9991, 0.9991, 0.9991, 0.9991]",430.986,2320.260982955363,437,116.572,0.000876458,0.0,0.574947239,95.748593401,14.552,13.854245572,0.209898567,4.886
ny_times,ivf,5,IP,,,,539.0,11.0,290000.0,"[0.7532, 0.7985, 0.8143, 0.8216, 0.8264]","[0.9991, 0.9991, 0.9991, 0.99905, 0.99902]",283.6182,3525.866816727558,433,11.925,0.000217761,0.0,0.276271718,5.609455936,1.693,1.424123387,0.08835527,3.488
ny_times,ivf,5,IP,,,,539.0,22.0,290000.0,"[0.787, 0.8334, 0.8495, 0.8569, 0.8617]","[0.9991, 0.9991, 0.9991, 0.9991, 0.9991]",255.863,3908.341573420151,579,10.019,0.000101094,0.0,0.205058073,3.905109165,1.398,1.032403543,0.120225048,2.899
ny_times,ivf,5,IP,,,,539.0,54.0,290000.0,"[0.83, 0.8789, 0.8952, 0.9026, 0.9075]","[0.9991, 0.9991, 0.9991, 0.9991, 0.9991]",1025.3194,975.3058412822385,586,17.653,7.3281e-05,0.0,0.140493125,4.576785415,1.505,1.261708324,0.07795389,10.705
ny_times,ivf,5,IP,,,,539.0,5.0,290000.0,"[0.7114, 0.7557, 0.7714, 0.7787, 0.7835]","[0.9988, 0.9984, 0.9977, 0.9966, 0.9948399999999994]",88.74860000000001,11267.783379118093,704,8.886,6.2344e-05,0.0,0.195498229,4.982799894,1.496,1.156834113,0.109764981,1.49
ny_times,ivf,5,IP,,,,8616.0,172.0,290000.0,"[0.8486, 0.8987, 0.9153, 0.9227, 0.9278]","[0.9991, 0.9991, 0.9991, 0.9991, 0.9991]",551.5994000000001,1812.9098762616493,538,209.425,0.001268593,0.0,0.396680834,179.416934984,22.7,22.03916416,0.202420663,6.205
ny_times,ivf,5,IP,,,,8616.0,345.0,290000.0,"[0.8636, 0.9145, 0.9311, 0.9385, 0.9436]","[0.9991, 0.9991, 0.9991, 0.9991, 0.9991]",1024.08,976.4862120146863,478,224.031,0.001170625,0.0,0.368521406,187.606632116,24.367,23.70036056,0.196187247,10.914
ny_times,ivf,5,IP,,,,8616.0,862.0,290000.0,"[0.8824, 0.9337, 0.9503, 0.9577, 0.9628]","[0.9991, 0.9991, 0.9991, 0.9991, 0.9991]",2488.3286000000003,401.87618307324846,602,229.674,0.001288437,0.0,0.360675416,178.261784724,24.832,24.174855415,0.196527331,25.382
ny_times,ivf,5,IP,,,,8616.0,86.0,290000.0,"[0.8342, 0.8832, 0.8998, 0.9072, 0.9123]","[0.9991, 0.9991, 0.9991, 0.9991, 0.9991]",316.4032,3160.524293053926,558,259.287,0.000821563,0.0,0.422835208,232.93174715,21.474,20.910282023,0.167560318,3.686
sift,flat,1,L2,,,,,,,[0.9926],[1.0],5394.5286,185.3730092375449,905,55.399,0.000177448,0.0,0.237414531,0.0,0.988,0.416292439,0.236031673,54.133
sift,flat,3,L2,,,,,,,"[0.9926, 1.0, 1.0]","[1.0, 1.0, 1.0]",3900.1432,256.40084189729237,959,40.289,2.125e-05,0.0,0.311589791,0.0,0.717,0.310335997,0.167136823,39.227
sift,flat,5,L2,,,,,,,"[0.9926, 1.0, 1.0, 1.0, 1.0]","[1.0, 1.0, 1.0, 1.0, 1.0]",4451.1922,224.6589127290437,968,45.978,2.4739e-05,0.0,0.362637031,0.0,0.753,0.326973491,0.184128079,44.832
sift,hnsw,1,L2,32.0,160.0,160.0,,,,[0.9919],[1.0],418.86159999999995,2387.423435330429,889,408.41,0.000237969,0.0,0.695798541,0.0,402.467,398.52489996,0.574610093,5.202
sift,hnsw,1,L2,32.0,160.0,320.0,,,,[0.9922],[1.0],750.1931999999999,1332.9899551208944,852,434.454,4.8594e-05,0.0,1.150957083,0.0,425.281,420.103642548,0.812095957,7.97
sift,hnsw,1,L2,32.0,160.0,64.0,,,,[0.981],[1.0],245.40460000000002,4074.903241422532,1030,431.499,3.9844e-05,0.0,1.298366249,0.0,427.001,422.820938651,0.63040053,3.158
sift,hnsw,1,L2,32.0,320.0,160.0,,,,[0.992],[1.0],466.2112,2144.950614657048,103,764.995,5.3281e-05,0.0,1.453065156,0.0,758.114,746.481929348,0.700167785,5.381
sift,hnsw,1,L2,32.0,320.0,320.0,,,,[0.9919],[1.0],683.3734000000001,1463.3288331093952,850,742.528,5.4427e-05,0.0,1.759223125,0.0,733.424,729.469185599,0.712008411,7.3
sift,hnsw,1,L2,32.0,320.0,64.0,,,,[0.9851],[1.0],227.7074,4391.600799974002,975,748.312,4.2239e-05,0.0,1.829205832,0.0,743.32,738.2979592,0.672958544,3.114
sift,hnsw,1,L2,32.0,640.0,160.0,,,,[0.9931],[1.0],518.5038,1928.626174002968,898,1306.46,3.9479e-05,0.0,2.376349061,0.0,1298.008,1292.040917106,0.789967836,6.03
sift,hnsw,1,L2,32.0,640.0,320.0,,,,[0.992],[1.0],840.9566,1189.1220070096365,784,1311.583,4.7656e-05,0.0,1.851064375,0.0,1300.597,1294.12203066,0.827369343,9.061
sift,hnsw,1,L2,32.0,640.0,64.0,,,,[0.9867],[1.0],252.3992,3961.9776924808,467,1308.515,6.375e-05,0.0,1.80178328,0.0,1303.151,1296.225568292,0.875587039,3.503
sift,hnsw,3,L2,32.0,160.0,160.0,,,,"[0.9915, 0.9989, 0.9989]","[1.0, 1.0, 1.0]",127.0188,7872.85031822061,1425,188.545,2.7448e-05,0.0,0.628619218,0.0,186.324,185.011293937,0.456083871,1.572
sift,hnsw,3,L2,32.0,160.0,320.0,,,,"[0.9926, 1.0, 1.0]","[1.0, 1.0, 1.0]",757.5538,1320.0382599889274,1421,433.896,0.000748021,0.0,0.704167343,0.0,424.194,419.420004482,0.719643576,8.914
sift,hnsw,3,L2,32.0,160.0,64.0,,,,"[0.9811, 0.9884, 0.9884]","[1.0, 1.0, 1.0]",207.596,4817.048498044278,1285,433.835,4.5e-05,0.0,0.616815156,0.0,429.841,425.110043229,0.652538307,3.341
sift,hnsw,3,L2,32.0,320.0,160.0,,,,"[0.9921, 0.9995, 0.9995]","[1.0, 1.0, 1.0]",462.49379999999996,2162.1911472110546,1414,765.818,3.9532e-05,0.0,1.381772968,0.0,758.743,754.180145969,0.692059352,5.64
sift,hnsw,3,L2,32.0,320.0,320.0,,,,"[0.9926, 1.0, 1.0]","[1.0, 1.0, 1.0]",809.3792,1235.5148242010669,751,737.823,4.2813e-05,0.0,1.255504844,0.0,727.61,721.889114691,0.716052819,8.905
sift,hnsw,3,L2,32.0,320.0,64.0,,,,"[0.9855, 0.9928, 0.9928]","[1.0, 1.0, 1.0]",227.3798,4397.928048137962,861,730.099,5.8073e-05,0.0,1.434801666,0.0,725.28,719.40191941,0.683666514,3.313
sift,hnsw,3,L2,32.0,640.0,160.0,,,,"[0.9924, 0.9998, 0.9998]","[1.0, 1.0, 1.0]",441.54240000000004,2264.7881607745935,123,1273.006,4.0834e-05,0.0,1.363401093,0.0,1266.476,1259.52600681,0.840339406,5.108
sift,hnsw,3,L2,32.0,640.0,320.0,,,,"[0.9926, 1.0, 1.0]","[1.0, 1.0, 1.0]",980.4775999999999,1019.9111127067054,849,1286.824,4.8594e-05,0.0,1.193639531,0.0,1274.845,1267.96618031,0.61337148,10.719
sift,hnsw,3,L2,32.0,640.0,64.0,,,,"[0.988, 0.9953, 0.9953]","[1.0, 1.0, 1.0]",245.25879999999998,4077.325665786508,872,1282.799,4.9167e-05,0.0,1.60165901,0.0,1277.601,1269.569547283,0.630867971,3.546
sift,hnsw,5,L2,32.0,160.0,160.0,,,,"[0.9914, 0.9988, 0.9988, 0.9988, 0.9988]","[1.0, 1.0, 1.0, 1.0, 1.0]",392.53959999999995,2547.5136776009354,741,419.625,4.125e-05,0.0,1.34419328,0.0,413.377,409.693279206,0.558563423,4.843
sift,hnsw,5,L2,32.0,160.0,320.0,,,,"[0.9926, 1.0, 1.0, 1.0, 1.0]","[1.0, 1.0, 1.0, 1.0, 1.0]",723.1044,1382.9261722097112,925,424.745,4.0625e-05,0.0,1.267819739,0.0,415.363,410.030530471,0.850019512,8.059
sift,hnsw,5,L2,32.0,160.0,64.0,,,,"[0.9811, 0.9884, 0.9884, 0.9884, 0.9884]","[1.0, 1.0, 1.0, 1.0, 1.0]",182.4632,5480.557175364676,801,420.078,4.5782e-05,0.0,1.444301874,0.0,415.931,411.05952767,0.682931925,2.653
sift,hnsw,5,L2,32.0,320.0,160.0,,,,"[0.9921, 0.9995, 0.9995, 0.9995, 0.9995]","[1.0, 1.0, 1.0, 1.0, 1.0]",403.939,2475.6213190605513,902,729.419,4e-05,0.0,1.342342395,0.0,723.145,718.05591827,0.573978134,4.787
sift,hnsw,5,L2,32.0,320.0,320.0,,,,"[0.9926, 1.0, 1.0, 1.0, 1.0]","[1.0, 1.0, 1.0, 1.0, 1.0]",729.2746,1371.2255986976647,735,735.365,4.8333e-05,0.0,2.917033281,0.0,724.511,718.675417281,0.686758392,7.884
sift,hnsw,5,L2,32.0,320.0,64.0,,,,"[0.9855, 0.9927, 0.9927, 0.9927, 0.9927]","[1.0, 1.0, 1.0, 1.0, 1.0]",178.6584,5597.2739037179335,759,735.788,0.002639948,0.0,5.899450779,0.0,727.397,721.337233801,0.672082265,2.437
sift,hnsw,5,L2,32.0,640.0,160.0,,,,"[0.9925, 0.9999, 0.9999, 0.9999, 0.9999]","[1.0, 1.0, 1.0, 1.0, 1.0]",488.8218,2045.7352761272105,631,1322.642,5.4115e-05,0.0,2.339545781,0.0,1314.77,1307.561972529,1.648687512,5.474
sift,hnsw,5,L2,32.0,640.0,320.0,,,,"[0.9926, 1.0, 1.0, 1.0, 1.0]","[1.0, 1.0, 1.0, 1.0, 1.0]",847.6332,1179.7555829573453,359,1303.35,6.1093e-05,0.0,2.412313697,0.0,1291.547,1282.290554514,2.54016221,9.308
sift,hnsw,5,L2,32.0,640.0,64.0,,,,"[0.9878, 0.9952, 0.9952, 0.9952, 0.9952]","[1.0, 1.0, 1.0, 1.0, 1.0]",73.37360000000001,13628.880142176477,778,755.103,2.2917e-05,0.0,0.632488854,0.0,753.372,750.945403147,0.483077565,1.07
sift,ivf,1,L2,,,,1000.0,100.0,800000.0,[0.992],[1.0],2367.4146,422.4017204253112,899,46.796,0.000254271,0.0,0.250720833,14.077413589,7.569,6.436275883,0.372845937,24.114
sift,ivf,1,L2,,,,1000.0,10.0,800000.0,[0.9088],[1.0],246.30679999999998,4059.977231647685,995,27.386,0.00107474,0.0,0.255177657,15.039523745,8.021,6.794223012,0.416779337,3.288
sift,ivf,1,L2,,,,1000.0,20.0,800000.0,[0.9627],[1.0],458.6634,2180.2480860692176,908,24.91,0.000331094,0.0,0.347828697,12.935390985,5.853,4.982932797,0.291590544,4.966
sift,ivf,1,L2,,,,1000.0,40.0,800000.0,[0.9851],[1.0],820.0884,1219.380739929988,911,29.913,0.00028375,0.0,0.322481094,13.263167652,6.903,5.775493383,0.376074205,8.64
sift,ivf,1,L2,,,,16000.0,1600.0,800000.0,[0.9926],[1.0],3399.0882,294.1965436495587,905,828.331,0.0032825,0.0,0.43948651,710.201610198,82.567,81.191064279,0.384744381,34.362
sift,ivf,1,L2,,,,16000.0,160.0,800000.0,[0.983],[1.0],354.3336,2822.1991930768068,869,800.192,0.003557656,0.0,0.440370624,707.059647074,88.005,86.329825899,0.495788934,3.907
sift,ivf,1,L2,,,,16000.0,320.0,800000.0,[0.99],[1.0],595.635,1678.8805224676187,1185,818.289,0.004165625,0.0,0.385262083,729.389258993,81.339,79.911937829,0.473317877,6.4
sift,ivf,1,L2,,,,16000.0,640.0,800000.0,[0.9922],[1.0],4303.0474,232.39344284239115,608,1544.306,0.003052187,0.0,3.886687186,715.762075299,778.841,767.861625129,3.877639441,44.959
sift,ivf,1,L2,,,,4000.0,160.0,800000.0,[0.9908],[1.0],470.3728,2125.973270563264,760,133.627,0.000395313,0.0,0.536075937,110.575453448,15.895,14.763293683,0.382272777,4.95
sift,ivf,1,L2,,,,4000.0,400.0,800000.0,[0.9926],[1.0],1152.682,867.541958666831,655,141.092,0.000447136,0.0,0.84463552,111.382551311,15.495,14.423382077,0.358221353,11.767
sift,ivf,1,L2,,,,4000.0,40.0,800000.0,[0.9624],[1.0],124.7294,8017.3559722086375,771,130.755,0.000516823,0.0,0.497585,111.457971364,15.752,14.619663384,0.376062423,1.439
sift,ivf,1,L2,,,,4000.0,80.0,800000.0,[0.9844],[1.0],246.6782,4053.864508497305,702,129.804,0.000593125,0.0,2.041370312,107.05429449,16.437,15.338147184,0.368056032,2.675
sift,ivf,1,L2,,,,8000.0,160.0,800000.0,[0.9886],[1.0],271.1932,3687.408091353323,565,231.347,8.5208e-05,0.0,1.510584895,196.031521644,29.325,28.254121811,0.350272571,2.89
sift,ivf,1,L2,,,,8000.0,320.0,800000.0,[0.992],[1.0],517.916,1930.8150356428455,528,254.67,0.000817395,0.0,0.551092344,216.134513303,30.977,29.784353313,0.381094182,5.415
sift,ivf,1,L2,,,,8000.0,800.0,800000.0,[0.9927],[1.0],1270.7658000000001,786.9270639798458,680,266.674,0.001809011,0.0,0.553895989,220.625933979,30.66,28.562913679,1.349993001,12.967
sift,ivf,1,L2,,,,8000.0,80.0,800000.0,[0.9735],[1.0],140.084,7138.573998458068,763,229.453,0.001259167,0.0,0.617088593,195.930640082,29.562,28.413008383,0.373379608,1.65
sift,ivf,3,L2,,,,1000.0,100.0,800000.0,"[0.992, 0.9994, 0.9994]","[1.0, 1.0, 1.0]",997.7794,1002.225542038651,1006,24.475,0.000141875,0.0,0.296312917,7.88569583,4.587,3.750666068,0.29447435,10.555
sift,ivf,3,L2,,,,1000.0,10.0,800000.0,"[0.9088, 0.9154, 0.9154]","[1.0, 1.0, 1.0]",113.493,8811.116104076904,726,19.192,0.000127552,0.0,0.445315625,9.814563278,5.881,4.837637771,0.372976602,1.428
sift,ivf,3,L2,,,,1000.0,20.0,800000.0,"[0.9627, 0.9698, 0.9698]","[1.0, 1.0, 1.0]",212.7966,4699.323203472236,884,15.846,0.000142708,0.0,0.330880885,7.861966091,4.258,3.449036041,0.289164012,2.404
sift,ivf,3,L2,,,,1000.0,40.0,800000.0,"[0.9851, 0.9925, 0.9925]","[1.0, 1.0, 1.0]",419.7484,2382.379539743332,898,19.922,0.00012125,0.0,0.308380312,9.530015465,4.598,3.637285883,0.331258247,4.459
sift,ivf,3,L2,,,,16000.0,1600.0,800000.0,"[0.9926, 1.0, 1.0]","[1.0, 1.0, 1.0]",1598.4741999999999,625.5965845429348,1106,521.635,0.001744583,0.0,0.489162188,444.700076706,58.565,57.327576377,0.373091686,16.272
sift,ivf,3,L2,,,,16000.0,160.0,800000.0,"[0.983, 0.9903, 0.9903]","[1.0, 1.0, 1.0]",202.2954,4943.2661345735005,684,485.541,0.00196526,0.0,0.460779739,422.766041974,58.449,57.184593008,0.381032534,2.291
sift,ivf,3,L2,,,,16000.0,320.0,800000.0,"[0.99, 0.9974, 0.9974]","[1.0, 1.0, 1.0]",394.27,2536.3329697922745,809,473.005,0.002154844,0.0,0.461834114,410.171095364,56.641,55.471188369,0.353829722,4.198
sift,ivf,3,L2,,,,16000.0,640.0,800000.0,"[0.9922, 0.9996, 0.9996]","[1.0, 1.0, 1.0]",649.108,1540.5756823209697,605,509.986,0.001679375,0.0,0.492479062,444.187149518,57.033,55.863588477,0.353642713,6.778
sift,ivf,3,L2,,,,4000.0,160.0,800000.0,"[0.9908, 0.9982, 0.9982]","[1.0, 1.0, 1.0]",466.86920000000003,2141.9275463020476,783,136.275,0.00044526,0.0,0.432755938,113.599640113,15.763,14.64805432,0.367410723,4.918
sift,ivf,3,L2,,,,4000.0,400.0,800000.0,"[0.9926, 1.0, 1.0]","[1.0, 1.0, 1.0]",1110.446,900.539062682922,729,141.822,0.000681458,0.0,0.455367343,112.270422093,16.111,14.959602605,0.384586245,11.377
sift,ivf,3,L2,,,,4000.0,40.0,800000.0,"[0.9624, 0.9693, 0.9693]","[1.0, 1.0, 1.0]",125.5946,7962.125760183957,807,130.947,0.000382968,0.0,0.457972396,111.879499489,15.731,14.635471749,0.365560235,1.521
sift,ivf,3,L2,,,,4000.0,80.0,800000.0,"[0.9844, 0.9918, 0.9918]","[1.0, 1.0, 1.0]",235.8166,4240.583572148865,777,131.868,0.000597553,0.0,0.529941979,111.091928239,16.037,14.891583428,0.37562399,2.612
sift,ivf,3,L2,,,,8000.0,160.0,800000.0,"[0.9885, 0.9958, 0.9958]","[1.0, 1.0, 1.0]",267.8696,3733.159716518784,744,231.271,0.000501563,0.0,0.6129425,196.678841175,29.411,28.301097288,0.351637758,2.962
sift,ivf,3,L2,,,,8000.0,320.0,800000.0,"[0.9919, 0.9993, 0.9993]","[1.0, 1.0, 1.0]",504.8954,1980.608260641709,718,219.351,0.001443594,0.0,0.870242604,187.98669696,24.157,23.278670982,0.272270224,5.265
sift,ivf,3,L2,,,,8000.0,800.0,800000.0,"[0.9926, 1.0, 1.0]","[1.0, 1.0, 1.0]",1264.4746,790.8422992442869,571,271.737,0.001037344,0.0,0.987425573,224.459673612,31.772,30.537364382,0.392337366,12.934
sift,ivf,3,L2,,,,8000.0,80.0,800000.0,"[0.9734, 0.9807, 0.9807]","[1.0, 1.0, 1.0]",171.6334,5826.371790106122,633,213.467,0.001027813,0.0,0.885035208,179.040369098,30.451,29.276909098,0.371575592,2.075
sift,ivf,5,L2,,,,1000.0,100.0,800000.0,"[0.992, 0.9994, 0.9994, 0.9994, 0.9994]","[1.0, 1.0, 1.0, 1.0, 1.0]",1042.1956,959.5127824373851,800,27.381,0.000114063,0.0,0.58441901,9.618440674,4.819,4.003688089,0.288343432,10.743
sift,ivf,5,L2,,,,1000.0,10.0,800000.0,"[0.9088, 0.9154, 0.9154, 0.9154, 0.9154]","[1.0, 1.0, 1.0, 1.0, 1.0]",116.36919999999999,8593.339130972801,770,18.899,0.000147031,0.0,0.463887084,9.839297652,5.54,4.631220312,0.31768183,1.398
sift,ivf,5,L2,,,,1000.0,20.0,800000.0,"[0.9627, 0.9698, 0.9698, 0.9698, 0.9698]","[1.0, 1.0, 1.0, 1.0, 1.0]",222.7694,4488.946866131524,631,19.415,0.000164219,0.0,0.696129896,8.580139945,5.936,4.871052588,0.368506954,2.576
sift,ivf,5,L2,,,,1000.0,40.0,800000.0,"[0.9851, 0.9925, 0.9925, 0.9925, 0.9925]","[1.0, 1.0, 1.0, 1.0, 1.0]",457.4142,2186.202352266283,884,21.483,0.000183125,0.0,0.597052865,8.596230935,5.48,4.36839432,0.39514057,4.912
sift,ivf,5,L2,,,,16000.0,1600.0,800000.0,"[0.9926, 1.0, 1.0, 1.0, 1.0]","[1.0, 1.0, 1.0, 1.0, 1.0]",1511.0184,661.8053095845822,1194,491.153,0.00137552,0.0,0.546269896,417.317822966,56.305,55.123629202,0.354597288,15.876
sift,ivf,5,L2,,,,16000.0,160.0,800000.0,"[0.983, 0.9903, 0.9903, 0.9903, 0.9903]","[1.0, 1.0, 1.0, 1.0, 1.0]",150.36360000000002,6650.545743783735,760,352.497,0.000977656,0.0,0.364370625,309.054015663,40.381,39.527279836,0.269317514,1.952
sift,ivf,5,L2,,,,16000.0,320.0,800000.0,"[0.99, 0.9974, 0.9974, 0.9974, 0.9974]","[1.0, 1.0, 1.0, 1.0, 1.0]",344.377,2903.7943881269657,768,509.298,0.001923125,0.0,0.439195937,444.424556653,59.042,57.759643987,0.386239554,3.798
sift,ivf,5,L2,,,,16000.0,640.0,800000.0,"[0.9922, 0.9996, 0.9996, 0.9996, 0.9996]","[1.0, 1.0, 1.0, 1.0, 1.0]",679.6256,1471.39836992603,790,511.805,0.001864011,0.0,0.411201718,444.109724831,58.567,57.307334414,0.37689184,7.144
sift,ivf,5,L2,,,,4000.0,160.0,800000.0,"[0.9908, 0.9982, 0.9982, 0.9982, 0.9982]","[1.0, 1.0, 1.0, 1.0, 1.0]",463.01640000000003,2159.75071293371,813,119.556,0.000656875,0.0,0.366500937,97.564371369,15.167,14.148223379,0.337769527,4.91
sift,ivf,5,L2,,,,4000.0,400.0,800000.0,"[0.9926, 1.0, 1.0, 1.0, 1.0]","[1.0, 1.0, 1.0, 1.0, 1.0]",1113.5862,897.9996339753492,773,141.041,0.000775156,0.0,0.435833541,112.116046988,15.471,14.399592357,0.35600402,11.449
sift,ivf,5,L2,,,,4000.0,40.0,800000.0,"[0.9624, 0.9693, 0.9693, 0.9693, 0.9693]","[1.0, 1.0, 1.0, 1.0, 1.0]",124.8472,8009.79116872465,767,131.424,0.000877657,0.0,0.421060625,111.963100894,15.984,14.831626566,0.380677839,1.572
sift,ivf,5,L2,,,,4000.0,80.0,800000.0,"[0.9844, 0.9918, 0.9918, 0.9918, 0.9918]","[1.0, 1.0, 1.0, 1.0, 1.0]",239.0372,4183.449270657454,773,129.582,0.000456407,0.0,0.440562552,108.933183813,15.988,14.838389358,0.376480057,2.669
sift,ivf,5,L2,,,,8000.0,160.0,800000.0,"[0.9885, 0.9958, 0.9958, 0.9958, 0.9958]","[1.0, 1.0, 1.0, 1.0, 1.0]",279.279,3580.6487419390646,1342,235.266,0.00100625,0.0,0.432358021,200.205182475,29.937,28.750516385,0.374617607,3.125
sift,ivf,5,L2,,,,8000.0,320.0,800000.0,"[0.9919, 0.9993, 0.9993, 0.9993, 0.9993]","[1.0, 1.0, 1.0, 1.0, 1.0]",518.2338,1929.6309889474596,685,260.531,0.000900938,0.0,0.454828229,223.533348404,29.441,28.31795713,0.360967442,5.5
sift,ivf,5,L2,,,,8000.0,800.0,800000.0,"[0.9926, 1.0, 1.0, 1.0, 1.0]","[1.0, 1.0, 1.0, 1.0, 1.0]",1237.2208,808.2631653137419,688,269.179,0.000811875,0.0,0.687483594,223.23569429,31.001,29.847475115,0.363579365,12.698
sift,ivf,5,L2,,,,8000.0,80.0,800000.0,"[0.9734, 0.9807, 0.9807, 0.9807, 0.9807]","[1.0, 1.0, 1.0, 1.0, 1.0]",169.997,5882.456749236751,760,222.72,0.000990781,0.0,0.54579125,188.147108783,30.462,29.275728378,0.378305451,2.019
